Language,Branch,Dialect,Source,Segment,Type,Notes,Place_of_Articulation,Manner,Voicing,Aspiration,Vowel_Type,Height,Backness,Rounding,Length,Nasalization
Asho,Southern,Hill,Tignor,pʰ,consonant,,bilabial,plosive,voiceless,aspirated,,,,,,
Asho,Southern,Hill,Tignor,p,consonant,,bilabial,plosive,voiceless,unaspirated,,,,,,
Asho,Southern,Hill,Tignor,b,consonant,,bilabial,plosive,voiced,unaspirated,,,,,,
Asho,Southern,Hill,Tignor,m̥,consonant,,bilabial,nasal,voiceless,unaspirated,,,,,,
Asho,Southern,Hill,Tignor,m,consonant,,bilabial,nasal,voiced,unaspirated,,,,,,
Asho,Southern,Hill,Tignor,w,consonant,,bilabial,approximant,voiced,unaspirated,,,,,,
Asho,Southern,Hill,Tignor,t,consonant,,alveolar,plosive,voiceless,unaspirated,,,,,,
Asho,Southern,Hill,Tignor,tʰ,consonant,,alveolar,plosive,voiceless,aspirated,,,,,,
Asho,Southern,Hill,Tignor,ɗ,consonant,,alveolar,implosive,voiced,unaspirated,,,,,,
Asho,Southern,Hill,Tignor,s,consonant,,alveolar,fricative,voiceless,unaspirated,,,,,,
Asho,Southern,Hill,Tignor,sʰ,consonant,,alveolar,fricative,voiceless,aspirated,,,,,,
Asho,Southern,Hill,Tignor,z,consonant,,alveolar,fricative,voiced,unaspirated,,,,,,
Asho,Southern,Hill,Tignor,n̥,consonant,,alveolar,nasal,voiceless,unaspirated,,,,,,
Asho,Southern,Hill,Tignor,n,consonant,,alveolar,nasal,voiced,unaspirated,,,,,,
Asho,Southern,Hill,Tignor,ɹ,consonant,,alveolar,approximant,voiced,unaspirated,,,,,,
Asho,Southern,Hill,Tignor,l̥,consonant,,alveolar,lateral approximant,voiceless,unaspirated,,,,,,
Asho,Southern,Hill,Tignor,l,consonant,,alveolar,lateral approximant,voiced,unaspirated,,,,,,
Asho,Southern,Hill,Tignor,ɕ,consonant,,alveolo-palatal,fricative,voiceless,unaspirated,,,,,,
Asho,Southern,Hill,Tignor,tɕʰ,consonant,,alveolo-palatal,affricate,voiceless,aspirated,,,,,,
Asho,Southern,Hill,Tignor,tɕ,consonant,,alveolo-palatal,affricate,voiceless,unaspirated,,,,,,
Asho,Southern,Hill,Tignor,dʑ,consonant,,alveolo-palatal,affricate,voiced,unaspirated,,,,,,
Asho,Southern,Hill,Tignor,ɲ,consonant,,palatal,nasal,voiced,unaspirated,,,,,,
Asho,Southern,Hill,Tignor,ɲ̥,consonant,,palatal,nasal,voiceless,unaspirated,,,,,,
Asho,Southern,Hill,Tignor,j,consonant,,palatal,approximant,voiced,unaspirated,,,,,,
Asho,Southern,Hill,Tignor,ŋ,consonant,,velar,nasal,voiced,unaspirated,,,,,,
Asho,Southern,Hill,Tignor,ŋ̊,consonant,,velar,nasal,voiceless,unaspirated,,,,,,
Asho,Southern,Hill,Tignor,k,consonant,,velar,plosive,voiceless,unaspirated,,,,,,
Asho,Southern,Hill,Tignor,kʰ,consonant,,velar,plosive,voiceless,aspirated,,,,,,
Asho,Southern,Hill,Tignor,g,consonant,,velar,plosive,voiced,unaspirated,,,,,,
Asho,Southern,Hill,Tignor,ʔ,consonant,,glottal,plosive,voiceless,unaspirated,,,,,,
Asho,Southern,Hill,Tignor,h,consonant,,glottal,fricative,voiceless,unaspirated,,,,,,
Asho,Southern,Hill,Tignor,ɦ,consonant,,glottal,fricative,voiced,unaspirated,,,,,,
Asho,Southern,Hill,Tignor,i,vowel,,,,,,monophthong,high,front,unrounded,short,oral
Asho,Southern,Hill,Tignor,ɪ,vowel,,,,,,monophthong,near-high,near-front,unrounded,short,oral
Asho,Southern,Hill,Tignor,ʏ,vowel,,,,,,monophthong,near-high,near-front,rounded,short,oral
Asho,Southern,Hill,Tignor,e,vowel,,,,,,monophthong,high-mid,front,unrounded,short,oral
Asho,Southern,Hill,Tignor,ɛ,vowel,,,,,,monophthong,low-mid,front,unrounded,short,oral
Asho,Southern,Hill,Tignor,ʉ,vowel,,,,,,monophthong,high,central,rounded,short,oral
Asho,Southern,Hill,Tignor,a,vowel,,,,,,monophthong,low,central,unrounded,short,oral
Asho,Southern,Hill,Tignor,u,vowel,,,,,,monophthong,high,back,rounded,short,oral
Asho,Southern,Hill,Tignor,ɤ,vowel,,,,,,monophthong,high-mid,back,unrounded,short,oral
Asho,Southern,Hill,Tignor,o,vowel,,,,,,monophthong,high-mid,back,rounded,short,oral
Asho,Southern,Hill,Tignor,ɔ,vowel,,,,,,monophthong,low-mid,back,rounded,short,oral
Asho,Southern,Hill,Tignor,a,vowel,,,,,,monophthong,low,central,unrounded,short,oral
Asho,Southern,Hill,Tignor,ei,vowel,,,,,,diphthong,,,,short,
Asho,Southern,Hill,Tignor,ai,vowel,,,,,,diphthong,,,,short,
Asho,Southern,Hill,Tignor,au,vowel,,,,,,diphthong,,,,short,
Asho,Southern,,Otsuka2015,p,consonant,,bilabial,plosive,voiceless,unaspirated,,,,,,
Asho,Southern,,Otsuka2015,pʰ,consonant,,bilabial,plosive,voiceless,aspirated,,,,,,
Asho,Southern,,Otsuka2015,b,consonant,,bilabial,plosive,voiced,unaspirated,,,,,,
Asho,Southern,,Otsuka2015,m̥,consonant,,bilabial,nasal,voiceless,unaspirated,,,,,,
Asho,Southern,,Otsuka2015,m,consonant,,bilabial,nasal,voiced,unaspirated,,,,,,
Asho,Southern,,Otsuka2015,w,consonant,,bilabial,approximant,voiced,unaspirated,,,,,,
Asho,Southern,,Otsuka2015,t,consonant,,alveolar,plosive,voiceless,unaspirated,,,,,,
Asho,Southern,,Otsuka2015,tʰ,consonant,,alveolar,plosive,voiceless,aspirated,,,,,,
Asho,Southern,,Otsuka2015,d,consonant,,alveolar,plosive,voiced,unaspirated,,,,,,
Asho,Southern,,Otsuka2015,s,consonant,,alveolar,fricative,voiceless,unaspirated,,,,,,
Asho,Southern,,Otsuka2015,sʰ,consonant,,alveolar,fricative,voiceless,aspirated,,,,,,
Asho,Southern,,Otsuka2015,z,consonant,,alveolar,fricative,voiced,unaspirated,,,,,,
Asho,Southern,,Otsuka2015,n̥,consonant,,alveolar,nasal,voiceless,unaspirated,,,,,,
Asho,Southern,,Otsuka2015,n,consonant,,alveolar,nasal,voiced,unaspirated,,,,,,
Asho,Southern,,Otsuka2015,ɹ,consonant,,alveolar,approximant,voiced,unaspirated,,,,,,
Asho,Southern,,Otsuka2015,l̥,consonant,,alveolar,lateral approximant,voiceless,unaspirated,,,,,,
Asho,Southern,,Otsuka2015,l,consonant,,alveolar,lateral approximant,voiced,unaspirated,,,,,,
Asho,Southern,,Otsuka2015,ɕ,consonant,,alveolo-palatal,fricative,voiceless,unaspirated,,,,,,
Asho,Southern,,Otsuka2015,tɕ,consonant,,alveolo-palatal,affricate,voiceless,unaspirated,,,,,,
Asho,Southern,,Otsuka2015,tɕʰ,consonant,,alveolo-palatal,affricate,voiceless,aspirated,,,,,,
Asho,Southern,,Otsuka2015,dʑ,consonant,,alveolo-palatal,affricate,voiced,unaspirated,,,,,,
Asho,Southern,,Otsuka2015,ɲ̊,consonant,,palatal,nasal,voiceless,unaspirated,,,,,,
Asho,Southern,,Otsuka2015,ɲ,consonant,,palatal,nasal,voiced,unaspirated,,,,,,
Asho,Southern,,Otsuka2015,j,consonant,,palatal,approximant,voiced,unaspirated,,,,,,
Asho,Southern,,Otsuka2015,k,consonant,,velar,plosive,voiceless,unaspirated,,,,,,
Asho,Southern,,Otsuka2015,kʰ,consonant,,velar,plosive,voiceless,aspirated,,,,,,
Asho,Southern,,Otsuka2015,g,consonant,,velar,plosive,voiced,unaspirated,,,,,,
Asho,Southern,,Otsuka2015,ŋ̊,consonant,,velar,nasal,voiceless,unaspirated,,,,,,
Asho,Southern,,Otsuka2015,ŋ,consonant,,velar,nasal,voiced,unaspirated,,,,,,
Asho,Southern,,Otsuka2015,ʔ,consonant,,glottal,plosive,voiceless,unaspirated,,,,,,
Asho,Southern,,Otsuka2015,h,consonant,,glottal,fricative,voiceless,unaspirated,,,,,,
Asho,Southern,,Otsuka2015,ɦ,consonant,,glottal,fricative,voiced,unaspirated,,,,,,
Asho,Southern,,Otsuka2015,i,vowel,,,,,,monophthong,high,front,unrounded,short,oral
Asho,Southern,,Otsuka2015,ɪ,vowel,,,,,,monophthong,near-high,near-front,unrounded,short,oral
Asho,Southern,,Otsuka2015,ʏ,vowel,,,,,,monophthong,near-high,near-front,rounded,short,oral
Asho,Southern,,Otsuka2015,e,vowel,,,,,,monophthong,high-mid,front,unrounded,short,oral
Asho,Southern,,Otsuka2015,ɛ,vowel,,,,,,monophthong,low-mid,front,unrounded,short,oral
Asho,Southern,,Otsuka2015,u,vowel,,,,,,monophthong,high,back,rounded,short,oral
Asho,Southern,,Otsuka2015,ʊ,vowel,,,,,,monophthong,near-high,near-back,rounded,short,oral
Asho,Southern,,Otsuka2015,o,vowel,,,,,,monophthong,high-mid,back,rounded,short,oral
Asho,Southern,,Otsuka2015,o,vowel,,,,,,monophthong,high-mid,back,rounded,short,oral
Asho,Southern,,Otsuka2015,a,vowel,,,,,,monophthong,low,central,unrounded,short,oral
Asho,Southern,,Otsuka2015,ɑɪ,vowel,,,,,,diphthong,,,,short,
Asho,Southern,,Otsuka2015,ɑʊ,vowel,,,,,,diphthong,,,,short,
Daai,Southern,Yang,So-Hartmann,p,consonant,,bilabial,plosive,voiceless,unaspirated,,,,,,
Daai,Southern,Yang,So-Hartmann,pʰ,consonant,,bilabial,plosive,voiceless,aspirated,,,,,,
Daai,Southern,Yang,So-Hartmann,b,consonant,,bilabial,plosive,voiced,unaspirated,,,,,,
Daai,Southern,Yang,So-Hartmann,m̥,consonant,,bilabial,nasal,voiceless,unaspirated,,,,,,
Daai,Southern,Yang,So-Hartmann,m,consonant,,bilabial,nasal,voiced,unaspirated,,,,,,
Daai,Southern,Yang,So-Hartmann,w,consonant,,bilabial,approximant,voiced,unaspirated,,,,,,
Daai,Southern,Yang,So-Hartmann,t,consonant,,alveolar,plosive,voiceless,unaspirated,,,,,,
Daai,Southern,Yang,So-Hartmann,tʰ,consonant,,alveolar,plosive,voiceless,aspirated,,,,,,
Daai,Southern,Yang,So-Hartmann,d,consonant,,alveolar,plosive,voiced,unaspirated,,,,,,
Daai,Southern,Yang,So-Hartmann,s,consonant,,alveolar,fricative,voiceless,unaspirated,,,,,,
Daai,Southern,Yang,So-Hartmann,sʰ,consonant,,alveolar,fricative,voiceless,aspirated,,,,,,
Daai,Southern,Yang,So-Hartmann,ɬ,consonant,,alveolar,lateral fricative,voiceless,unaspirated,,,,,,
Daai,Southern,Yang,So-Hartmann,n̊,consonant,,alveolar,nasal,voiceless,unaspirated,,,,,,
Daai,Southern,Yang,So-Hartmann,n,consonant,,alveolar,nasal,voiced,unaspirated,,,,,,
Daai,Southern,Yang,So-Hartmann,l,consonant,,alveolar,lateral approximant,voiced,unaspirated,,,,,,
Daai,Southern,Yang,So-Hartmann,j,consonant,,palatal,approximant,voiced,unaspirated,,,,,,
Daai,Southern,Yang,So-Hartmann,k,consonant,,velar,plosive,voiceless,unaspirated,,,,,,
Daai,Southern,Yang,So-Hartmann,kʰ,consonant,,velar,plosive,voiceless,aspirated,,,,,,
Daai,Southern,Yang,So-Hartmann,x,consonant,,velar,fricative,voiceless,unaspirated,,,,,,
Daai,Southern,Yang,So-Hartmann,ɣ,consonant,,velar,fricative,voiced,unaspirated,,,,,,
Daai,Southern,Yang,So-Hartmann,ŋ̊,consonant,,velar,nasal,voiceless,unaspirated,,,,,,
Daai,Southern,Yang,So-Hartmann,ŋ,consonant,,velar,nasal,voiced,unaspirated,,,,,,
Daai,Southern,Yang,So-Hartmann,ʔ,consonant,,glottal,plosive,voiceless,unaspirated,,,,,,
Daai,Southern,Yang,So-Hartmann,h,consonant,,glottal,fricative,voiceless,unaspirated,,,,,,
Daai,Southern,Yang,So-Hartmann,i,vowel,,,,,,monophthong,high,front,unrounded,short,oral
Daai,Southern,Yang,So-Hartmann,iː,vowel,,,,,,monophthong,high,front,unrounded,long,oral
Daai,Southern,Yang,So-Hartmann,ɛ,vowel,,,,,,monophthong,low-mid,front,unrounded,short,oral
Daai,Southern,Yang,So-Hartmann,ɛː,vowel,,,,,,monophthong,low-mid,front,unrounded,long,oral
Daai,Southern,Yang,So-Hartmann,ə,vowel,,,,,,monophthong,mid,central,unrounded,short,oral
Daai,Southern,Yang,So-Hartmann,əː,vowel,,,,,,monophthong,mid,central,unrounded,long,oral
Daai,Southern,Yang,So-Hartmann,a,vowel,,,,,,monophthong,low,central,unrounded,short,oral
Daai,Southern,Yang,So-Hartmann,a:,vowel,,,,,,monophthong,low,central,unrounded,long,oral
Daai,Southern,Yang,So-Hartmann,ɯ,vowel,,,,,,monophthong,high,back,unrounded,short,oral
Daai,Southern,Yang,So-Hartmann,ɯː,vowel,,,,,,monophthong,high,back,unrounded,long,oral
Daai,Southern,Yang,So-Hartmann,u,vowel,,,,,,monophthong,high,back,rounded,short,oral
Daai,Southern,Yang,So-Hartmann,u:,vowel,,,,,,monophthong,high,back,rounded,long,oral
Daai,Southern,Yang,So-Hartmann,ɔ,vowel,,,,,,monophthong,low-mid,back,rounded,short,oral
Daai,Southern,Yang,So-Hartmann,ɔː,vowel,,,,,,monophthong,low-mid,back,rounded,long,oral
Daai,Southern,Yang,So-Hartmann,ɛi,vowel,,,,,,diphthong,,,,short,
Daai,Southern,Yang,So-Hartmann,ɛːi,vowel,,,,,,diphthong,,,,long,
Daai,Southern,Yang,So-Hartmann,ai,vowel,,,,,,diphthong,,,,short,
Daai,Southern,Yang,So-Hartmann,aːi,vowel,,,,,,diphthong,,,,long,
Daai,Southern,Yang,So-Hartmann,əi,vowel,,,,,,diphthong,,,,short,
Daai,Southern,Yang,So-Hartmann,əːi,vowel,,,,,,diphthong,,,,long,
Daai,Southern,Yang,So-Hartmann,ɔi,vowel,,,,,,diphthong,,,,short,
Daai,Southern,Yang,So-Hartmann,ɔːi,vowel,,,,,,diphthong,,,,long,
Daai,Southern,Yang,So-Hartmann,ɯi,vowel,,,,,,diphthong,,,,short,
Daai,Southern,Yang,So-Hartmann,ɯːi,vowel,,,,,,diphthong,,,,long,
Daai,Southern,Yang,So-Hartmann,ui,vowel,,,,,,diphthong,,,,short,
Daai,Southern,Yang,So-Hartmann,uːi,vowel,,,,,,diphthong,,,,long,
Daai,Southern,Yang,So-Hartmann,əɯ,vowel,,,,,,diphthong,,,,short,
Daai,Southern,Yang,So-Hartmann,aɯ,vowel,,,,,,diphthong,,,,short,
Daai,Southern,Yang,So-Hartmann,aːɯ,vowel,,,,,,diphthong,,,,long,
Daai,Southern,Yang,So-Hartmann,ɔu,vowel,,,,,,diphthong,,,,short,
Falam,Central,Falam City,Thuan,p,consonant,,bilabial,plosive,voiceless,unaspirated,,,,,,
Falam,Central,Falam City,Thuan,pʰ,consonant,,bilabial,plosive,voiceless,aspirated,,,,,,
Falam,Central,Falam City,Thuan,b,consonant,,bilabial,plosive,voiced,unaspirated,,,,,,
Falam,Central,Falam City,Thuan,f,consonant,,labiodental,fricative,voiceless,unaspirated,,,,,,
Falam,Central,Falam City,Thuan,m̥,consonant,,bilabial,nasal,voiceless,unaspirated,,,,,,
Falam,Central,Falam City,Thuan,m,consonant,,bilabial,nasal,voiced,unaspirated,,,,,,
Falam,Central,Falam City,Thuan,w,consonant,,bilabial,approximant,voiced,unaspirated,,,,,,
Falam,Central,Falam City,Thuan,t̪,consonant,,dental,plosive,voiceless,unaspirated,,,,,,
Falam,Central,Falam City,Thuan,t̪ʰ,consonant,,dental,plosive,voiceless,aspirated,,,,,,
Falam,Central,Falam City,Thuan,d̪,consonant,,dental,plosive,voiced,unaspirated,,,,,,
Falam,Central,Falam City,Thuan,t,consonant,,alveolar,plosive,voiceless,unaspirated,,,,,,
Falam,Central,Falam City,Thuan,tʰ,consonant,,alveolar,plosive,voiceless,aspirated,,,,,,
Falam,Central,Falam City,Thuan,d,consonant,,alveolar,plosive,voiced,unaspirated,,,,,,
Falam,Central,Falam City,Thuan,s,consonant,,alveolar,fricative,voiceless,unaspirated,,,,,,
Falam,Central,Falam City,Thuan,ts,consonant,,alveolar,affricate,voiceless,unaspirated,,,,,,
Falam,Central,Falam City,Thuan,tɬ,consonant,,alveolar,lateral affricate,voiceless,unaspirated,,,,,,
Falam,Central,Falam City,Thuan,tɬʰ,consonant,,alveolar,lateral affricate,voiceless,aspirated,,,,,,
Falam,Central,Falam City,Thuan,n̊,consonant,,alveolar,nasal,voiceless,unaspirated,,,,,,
Falam,Central,Falam City,Thuan,n,consonant,,alveolar,nasal,voiced,unaspirated,,,,,,
Falam,Central,Falam City,Thuan,ɾ̥,consonant,,alveolar,tap/flap,voiceless,unaspirated,,,,,,
Falam,Central,Falam City,Thuan,ɾ,consonant,,alveolar,tap/flap,voiced,unaspirated,,,,,,
Falam,Central,Falam City,Thuan,l̥,consonant,,alveolar,lateral approximant,voiceless,unaspirated,,,,,,
Falam,Central,Falam City,Thuan,l,consonant,,alveolar,lateral approximant,voiced,unaspirated,,,,,,
Falam,Central,Falam City,Thuan,j,consonant,,palatal,approximant,voiced,unaspirated,,,,,,
Falam,Central,Falam City,Thuan,k,consonant,,velar,plosive,voiceless,unaspirated,,,,,,
Falam,Central,Falam City,Thuan,kʰ,consonant,,velar,plosive,voiceless,aspirated,,,,,,
Falam,Central,Falam City,Thuan,ŋ̊,consonant,,velar,nasal,voiceless,unaspirated,,,,,,
Falam,Central,Falam City,Thuan,ŋ,consonant,,velar,nasal,voiced,unaspirated,,,,,,
Falam,Central,Falam City,Thuan,ʔ,consonant,,glottal,plosive,voiceless,unaspirated,,,,,,
Falam,Central,Falam City,Thuan,h,consonant,,glottal,fricative,voiceless,unaspirated,,,,,,
Falam,Central,Falam City,Thuan,i,vowel,,,,,,monophthong,high,front,unrounded,short,oral
Falam,Central,Falam City,Thuan,ɛ,vowel,,,,,,monophthong,low-mid,front,unrounded,short,oral
Falam,Central,Falam City,Thuan,a,vowel,,,,,,monophthong,low,central,unrounded,short,oral
Falam,Central,Falam City,Thuan,u,vowel,,,,,,monophthong,high,back,rounded,short,oral
Falam,Central,Falam City,Thuan,ɔ,vowel,,,,,,monophthong,low-mid,back,rounded,short,oral
Falam,Central,Falam City,Thuan,ia,vowel,,,,,,diphthong,,,,short,
Falam,Central,Falam City,Thuan,ua,vowel,,,,,,diphthong,,,,short,
Falam,Central,Falam City,Champeon,p,consonant,,bilabial,plosive,voiceless,unaspirated,,,,,,
Falam,Central,Falam City,Champeon,pʰ,consonant,,bilabial,plosive,voiceless,aspirated,,,,,,
Falam,Central,Falam City,Champeon,b,consonant,,bilabial,plosive,voiced,unaspirated,,,,,,
Falam,Central,Falam City,Champeon,f,consonant,,labiodental,fricative,voiceless,unaspirated,,,,,,
Falam,Central,Falam City,Champeon,m,consonant,,bilabial,nasal,voiced,unaspirated,,,,,,
Falam,Central,Falam City,Champeon,w,consonant,,bilabial,approximant,voiced,unaspirated,,,,,,
Falam,Central,Falam City,Champeon,t̪,consonant,,dental,plosive,voiceless,unaspirated,,,,,,
Falam,Central,Falam City,Champeon,t̪ʰ,consonant,,dental,plosive,voiceless,aspirated,,,,,,
Falam,Central,Falam City,Champeon,d,consonant,,alveolar,plosive,voiced,unaspirated,,,,,,
Falam,Central,Falam City,Champeon,t,consonant,,alveolar,plosive,voiceless,unaspirated,,,,,,
Falam,Central,Falam City,Champeon,tʰ,consonant,,alveolar,plosive,voiceless,aspirated,,,,,,
Falam,Central,Falam City,Champeon,d,consonant,,alveolar,plosive,voiced,unaspirated,,,,,,
Falam,Central,Falam City,Champeon,s,consonant,,alveolar,fricative,voiceless,unaspirated,,,,,,
Falam,Central,Falam City,Champeon,ts,consonant,,alveolar,affricate,voiceless,unaspirated,,,,,,
Falam,Central,Falam City,Champeon,tɬ,consonant,,alveolar,lateral affricate,voiceless,unaspirated,,,,,,
Falam,Central,Falam City,Champeon,tɬʰ,consonant,,alveolar,lateral affricate,voiceless,aspirated,,,,,,
Falam,Central,Falam City,Champeon,n,consonant,,alveolar,nasal,voiced,unaspirated,,,,,,
Falam,Central,Falam City,Champeon,ɾ,consonant,,alveolar,tap/flap,voiced,unaspirated,,,,,,
Falam,Central,Falam City,Champeon,l̥,consonant,,alveolar,lateral approximant,voiceless,unaspirated,,,,,,
Falam,Central,Falam City,Champeon,l,consonant,,alveolar,lateral approximant,voiced,unaspirated,,,,,,
Falam,Central,Falam City,Champeon,j,consonant,,palatal,approximant,voiced,unaspirated,,,,,,
Falam,Central,Falam City,Champeon,k,consonant,,velar,plosive,voiceless,unaspirated,,,,,,
Falam,Central,Falam City,Champeon,kʰ,consonant,,velar,plosive,voiceless,aspirated,,,,,,
Falam,Central,Falam City,Champeon,ŋ,consonant,,velar,nasal,voiced,unaspirated,,,,,,
Falam,Central,Falam City,Champeon,ʔ,consonant,,glottal,plosive,voiceless,unaspirated,,,,,,
Falam,Central,Falam City,Champeon,h,consonant,,glottal,fricative,voiceless,unaspirated,,,,,,
Falam,Central,Falam City,Champeon,i,vowel,,,,,,monophthong,high,front,unrounded,short,oral
Falam,Central,Falam City,Champeon,ɛ,vowel,,,,,,monophthong,low-mid,front,unrounded,short,oral
Falam,Central,Falam City,Champeon,a,vowel,,,,,,monophthong,low,central,unrounded,short,oral
Falam,Central,Falam City,Champeon,u,vowel,,,,,,monophthong,high,back,rounded,short,oral
Falam,Central,Falam City,Champeon,ɔ,vowel,,,,,,monophthong,low-mid,back,rounded,short,oral
Hakha Lai,Central,,Peterson2017,p,consonant,,bilabial,plosive,voiceless,unaspirated,,,,,,
Hakha Lai,Central,,Peterson2017,pʰ,consonant,,bilabial,plosive,voiceless,aspirated,,,,,,
Hakha Lai,Central,,Peterson2017,b,consonant,,bilabial,plosive,voiced,unaspirated,,,,,,
Hakha Lai,Central,,Peterson2017,f,consonant,,labiodental,fricative,voiceless,unaspirated,,,,,,
Hakha Lai,Central,,Peterson2017,v,consonant,,labiodental,fricative,voiced,unaspirated,,,,,,
Hakha Lai,Central,,Peterson2017,m̥,consonant,,bilabial,nasal,voiceless,unaspirated,,,,,,
Hakha Lai,Central,,Peterson2017,m,consonant,,bilabial,nasal,voiced,unaspirated,,,,,,
Hakha Lai,Central,,Peterson2017,t̪,consonant,,dental,plosive,voiceless,unaspirated,,,,,,
Hakha Lai,Central,,Peterson2017,t̪ʰ,consonant,,dental,plosive,voiceless,aspirated,,,,,,
Hakha Lai,Central,,Peterson2017,d,consonant,,alveolar,plosive,voiced,unaspirated,,,,,,
Hakha Lai,Central,,Peterson2017,t,consonant,,alveolar,plosive,voiceless,unaspirated,,,,,,
Hakha Lai,Central,,Peterson2017,tʰ,consonant,,alveolar,plosive,voiceless,aspirated,,,,,,
Hakha Lai,Central,,Peterson2017,s,consonant,,alveolar,fricative,voiceless,unaspirated,,,,,,
Hakha Lai,Central,,Peterson2017,z,consonant,,alveolar,fricative,voiced,unaspirated,,,,,,
Hakha Lai,Central,,Peterson2017,ts,consonant,,alveolar,affricate,voiceless,unaspirated,,,,,,
Hakha Lai,Central,,Peterson2017,tsʰ,consonant,,alveolar,affricate,voiceless,aspirated,,,,,,
Hakha Lai,Central,,Peterson2017,tɬ,consonant,,alveolar,lateral affricate,voiceless,unaspirated,,,,,,
Hakha Lai,Central,,Peterson2017,tl,consonant,,alveolar,lateral affricate,voiceless,unaspirated,,,,,,
Hakha Lai,Central,,Peterson2017,n̥,consonant,,alveolar,nasal,voiceless,unaspirated,,,,,,
Hakha Lai,Central,,Peterson2017,n,consonant,,alveolar,nasal,voiced,unaspirated,,,,,,
Hakha Lai,Central,,Peterson2017,r̥,consonant,,alveolar,trill,voiceless,unaspirated,,,,,,
Hakha Lai,Central,,Peterson2017,r̥,consonant,,alveolar,trill,voiceless,unaspirated,,,,,,
Hakha Lai,Central,,Peterson2017,ɬ,consonant,,alveolar,lateral fricative,voiceless,unaspirated,,,,,,
Hakha Lai,Central,,Peterson2017,l,consonant,,alveolar,lateral approximant,voiced,unaspirated,,,,,,
Hakha Lai,Central,,Peterson2017,k,consonant,,velar,plosive,voiceless,unaspirated,,,,,,
Hakha Lai,Central,,Peterson2017,kʰ,consonant,,velar,plosive,voiceless,aspirated,,,,,,
Hakha Lai,Central,,Peterson2017,ŋ̊,consonant,,velar,nasal,voiceless,unaspirated,,,,,,
Hakha Lai,Central,,Peterson2017,ŋ,consonant,,velar,nasal,voiced,unaspirated,,,,,,
Hakha Lai,Central,,Peterson2017,ʔ,consonant,,glottal,plosive,voiceless,unaspirated,,,,,,
Hakha Lai,Central,,Peterson2017,ɪ,vowel,,,,,,monophthong,near-high,near-front,unrounded,short,oral
Hakha Lai,Central,,Peterson2017,iː,vowel,,,,,,monophthong,high,front,unrounded,long,oral
Hakha Lai,Central,,Peterson2017,ɛ,vowel,,,,,,monophthong,low-mid,front,unrounded,short,oral
Hakha Lai,Central,,Peterson2017,eː,vowel,,,,,,monophthong,high-mid,front,unrounded,long,oral
Hakha Lai,Central,,Peterson2017,ə,vowel,,,,,,monophthong,mid,central,unrounded,short,oral
Hakha Lai,Central,,Peterson2017,u,vowel,,,,,,monophthong,high,back,rounded,short,oral
Hakha Lai,Central,,Peterson2017,uː,vowel,,,,,,monophthong,high,back,rounded,long,oral
Hakha Lai,Central,,Peterson2017,o,vowel,,,,,,monophthong,high-mid,back,rounded,short,oral
Hakha Lai,Central,,Peterson2017,ɔː,vowel,,,,,,monophthong,low-mid,back,rounded,long,oral
Hakha Lai,Central,,Peterson2017,aː,vowel,,,,,,monophthong,low,central,unrounded,long,oral
Hakha Lai,Central,,Peterson2017,ui,vowel,,,,,,diphthong,,,,short,
Hakha Lai,Central,,Peterson2017,oi,vowel,,,,,,diphthong,,,,short,
Hakha Lai,Central,,Peterson2017,oːi,vowel,,,,,,diphthong,,,,long,
Hakha Lai,Central,,Peterson2017,ɛi,vowel,,,,,,diphthong,,,,short,
Hakha Lai,Central,,Peterson2017,aːi,vowel,,,,,,diphthong,,,,long,
Hakha Lai,Central,,Peterson2017,iu,vowel,,,,,,diphthong,,,,short,
Hakha Lai,Central,,Peterson2017,eu,vowel,,,,,,diphthong,,,,short,
Hakha Lai,Central,,Peterson2017,eːu,vowel,,,,,,diphthong,,,,long,
Hakha Lai,Central,,Peterson2017,ou,vowel,,,,,,diphthong,,,,short,
Hakha Lai,Central,,Peterson2017,aːu,vowel,,,,,,diphthong,,,,long,
Hakha Lai,Central,,Peterson2017,ia,vowel,,,,,,diphthong,,,,short,
Hakha Lai,Central,,Peterson2017,ia:,vowel,,,,,,diphthong,,,,long,
Hakha Lai,Central,,Peterson2017,ua,vowel,,,,,,diphthong,,,,short,
Hakha Lai,Central,,Peterson2017,uaː,vowel,,,,,,diphthong,,,,long,
Hakha Lai,Central,,Peterson2017,uai,vowel,,,,,,triphthong,,,,,
Hakha Lai,Central,,Peterson2017,iau,vowel,,,,,,triphthong,,,,,
Hmar,Central,Haflong,Lahkar,p,consonant,,bilabial,plosive,voiceless,unaspirated,,,,,,
Hmar,Central,Haflong,Lahkar,pʰ,consonant,,bilabial,plosive,voiceless,aspirated,,,,,,
Hmar,Central,Haflong,Lahkar,b,consonant,,bilabial,plosive,voiced,unaspirated,,,,,,
Hmar,Central,Haflong,Lahkar,f,consonant,,labiodental,fricative,voiceless,unaspirated,,,,,,
Hmar,Central,Haflong,Lahkar,v,consonant,,labiodental,fricative,voiced,unaspirated,,,,,,
Hmar,Central,Haflong,Lahkar,m,consonant,,bilabial,nasal,voiced,unaspirated,,,,,,
Hmar,Central,Haflong,Lahkar,t,consonant,,alveolar,plosive,voiceless,unaspirated,,,,,,
Hmar,Central,Haflong,Lahkar,tʰ,consonant,,alveolar,plosive,voiceless,aspirated,,,,,,
Hmar,Central,Haflong,Lahkar,d,consonant,,alveolar,plosive,voiced,unaspirated,,,,,,
Hmar,Central,Haflong,Lahkar,s,consonant,,alveolar,fricative,voiceless,unaspirated,,,,,,
Hmar,Central,Haflong,Lahkar,z,consonant,,alveolar,fricative,voiced,unaspirated,,,,,,
Hmar,Central,Haflong,Lahkar,n,consonant,,alveolar,nasal,voiced,unaspirated,,,,,,
Hmar,Central,Haflong,Lahkar,r,consonant,,alveolar,trill,voiced,unaspirated,,,,,,
Hmar,Central,Haflong,Lahkar,l,consonant,,alveolar,lateral approximant,voiced,unaspirated,,,,,,
Hmar,Central,Haflong,Lahkar,c,consonant,,palatal,plosive,voiceless,unaspirated,,,,,,
Hmar,Central,Haflong,Lahkar,ɟ,consonant,,palatal,plosive,voiced,unaspirated,,,,,,
Hmar,Central,Haflong,Lahkar,k,consonant,,velar,plosive,voiceless,unaspirated,,,,,,
Hmar,Central,Haflong,Lahkar,kʰ,consonant,,velar,plosive,voiceless,aspirated,,,,,,
Hmar,Central,Haflong,Lahkar,ŋ,consonant,,velar,nasal,voiced,unaspirated,,,,,,
Hmar,Central,Haflong,Lahkar,h,consonant,,glottal,fricative,voiceless,unaspirated,,,,,,
Hmar,Central,Haflong,Lahkar,i,vowel,,,,,,monophthong,high,front,unrounded,short,oral
Hmar,Central,Haflong,Lahkar,e,vowel,,,,,,monophthong,high-mid,front,unrounded,short,oral
Hmar,Central,Haflong,Lahkar,u,vowel,,,,,,monophthong,high,back,rounded,short,oral
Hmar,Central,Haflong,Lahkar,ə,vowel,,,,,,monophthong,mid,central,unrounded,short,oral
Hmar,Central,Haflong,Lahkar,o,vowel,,,,,,monophthong,high-mid,back,rounded,short,oral
Hmar,Central,Haflong,Lahkar,a,vowel,,,,,,monophthong,low,central,unrounded,short,oral
Hmar,Central,Haflong,Lahkar,ei,vowel,,,,,,diphthong,,,,short,
Hmar,Central,Haflong,Lahkar,ai,vowel,,,,,,diphthong,,,,short,
Hmar,Central,Haflong,Lahkar,au,vowel,,,,,,diphthong,,,,short,
Hmar,Central,Haflong,Lahkar,ou,vowel,,,,,,diphthong,,,,short,
Hmar,Central,Haflong,Lahkar,oi,vowel,,,,,,diphthong,,,,short,
Hmar,Central,Haflong,Lahkar,iu,vowel,,,,,,diphthong,,,,short,
Hmar,Central,Haflong,Lahkar,ui,vowel,,,,,,diphthong,,,,short,
Hyow,Southern,Laitu,Zakaria2018,p,consonant,,bilabial,plosive,voiceless,unaspirated,,,,,,
Hyow,Southern,Laitu,Zakaria2018,pʰ,consonant,,bilabial,plosive,voiceless,aspirated,,,,,,
Hyow,Southern,Laitu,Zakaria2018,b,consonant,,bilabial,plosive,voiced,unaspirated,,,,,,
Hyow,Southern,Laitu,Zakaria2018,m̥,consonant,,bilabial,nasal,voiceless,unaspirated,,,,,,
Hyow,Southern,Laitu,Zakaria2018,m,consonant,,bilabial,nasal,voiced,unaspirated,,,,,,
Hyow,Southern,Laitu,Zakaria2018,w,consonant,,bilabial,approximant,voiced,unaspirated,,,,,,
Hyow,Southern,Laitu,Zakaria2018,t,consonant,,alveolar,plosive,voiceless,unaspirated,,,,,,
Hyow,Southern,Laitu,Zakaria2018,tʰ,consonant,,alveolar,plosive,voiceless,aspirated,,,,,,
Hyow,Southern,Laitu,Zakaria2018,d,consonant,,alveolar,plosive,voiced,unaspirated,,,,,,
Hyow,Southern,Laitu,Zakaria2018,ʃ,consonant,,postalveolar,fricative,voiceless,unaspirated,,,,,,
Hyow,Southern,Laitu,Zakaria2018,ts,consonant,,alveolar,affricate,voiceless,unaspirated,,,,,,
Hyow,Southern,Laitu,Zakaria2018,n̥,consonant,,alveolar,nasal,voiceless,unaspirated,,,,,,
Hyow,Southern,Laitu,Zakaria2018,n,consonant,,alveolar,nasal,voiced,unaspirated,,,,,,
Hyow,Southern,Laitu,Zakaria2018,l̥,consonant,,alveolar,lateral approximant,voiceless,unaspirated,,,,,,
Hyow,Southern,Laitu,Zakaria2018,l,consonant,,alveolar,lateral approximant,voiced,unaspirated,,,,,,
Hyow,Southern,Laitu,Zakaria2018,ɹ,consonant,,alveolar,approximant,voiced,unaspirated,,,,,,
Hyow,Southern,Laitu,Zakaria2018,j̊,consonant,,palatal,approximant,voiceless,unaspirated,,,,,,
Hyow,Southern,Laitu,Zakaria2018,j,consonant,,palatal,approximant,voiced,unaspirated,,,,,,
Hyow,Southern,Laitu,Zakaria2018,k,consonant,,velar,plosive,voiceless,unaspirated,,,,,,
Hyow,Southern,Laitu,Zakaria2018,kʰ,consonant,,velar,plosive,voiceless,aspirated,,,,,,
Hyow,Southern,Laitu,Zakaria2018,ŋ̊,consonant,,velar,nasal,voiceless,unaspirated,,,,,,
Hyow,Southern,Laitu,Zakaria2018,ŋ,consonant,,velar,nasal,voiced,unaspirated,,,,,,
Hyow,Southern,Laitu,Zakaria2018,ʔ,consonant,,glottal,plosive,voiceless,unaspirated,,,,,,
Hyow,Southern,Laitu,Zakaria2018,h,consonant,,glottal,fricative,voiceless,unaspirated,,,,,,
Hyow,Southern,Laitu,Zakaria2018,i,vowel,,,,,,monophthong,high,front,unrounded,short,oral
Hyow,Southern,Laitu,Zakaria2018,ʉ,vowel,,,,,,monophthong,high,central,rounded,short,oral
Hyow,Southern,Laitu,Zakaria2018,u,vowel,,,,,,monophthong,high,back,rounded,short,oral
Hyow,Southern,Laitu,Zakaria2018,e,vowel,,,,,,monophthong,high-mid,front,unrounded,short,oral
Hyow,Southern,Laitu,Zakaria2018,ɘ,vowel,,,,,,monophthong,high-mid,central,unrounded,short,oral
Hyow,Southern,Laitu,Zakaria2018,o,vowel,,,,,,monophthong,high-mid,back,rounded,short,oral
Hyow,Southern,Laitu,Zakaria2018,ɔ,vowel,,,,,,monophthong,low-mid,back,rounded,short,oral
Hyow,Southern,Laitu,Zakaria2018,æ,vowel,,,,,,monophthong,near-low,front,unrounded,short,oral
Hyow,Southern,Laitu,Zakaria2018,a,vowel,,,,,,monophthong,low,central,unrounded,short,oral
Khumi,Southern,"Ruma Bazaar, Bangladesh",Peterson2019,p,consonant,,bilabial,plosive,voiceless,unaspirated,,,,,,
Khumi,Southern,"Ruma Bazaar, Bangladesh",Peterson2019,pʰ,consonant,,bilabial,plosive,voiceless,aspirated,,,,,,
Khumi,Southern,"Ruma Bazaar, Bangladesh",Peterson2019,b,consonant,,bilabial,plosive,voiced,unaspirated,,,,,,
Khumi,Southern,"Ruma Bazaar, Bangladesh",Peterson2019,f,consonant,,labiodental,fricative,voiceless,unaspirated,,,,,,
Khumi,Southern,"Ruma Bazaar, Bangladesh",Peterson2019,v,consonant,,labiodental,fricative,voiced,unaspirated,,,,,,
Khumi,Southern,"Ruma Bazaar, Bangladesh",Peterson2019,m,consonant,,bilabial,nasal,voiced,unaspirated,,,,,,
Khumi,Southern,"Ruma Bazaar, Bangladesh",Peterson2019,t,consonant,,alveolar,plosive,voiceless,unaspirated,,,,,,
Khumi,Southern,"Ruma Bazaar, Bangladesh",Peterson2019,tʰ,consonant,,alveolar,plosive,voiceless,aspirated,,,,,,
Khumi,Southern,"Ruma Bazaar, Bangladesh",Peterson2019,tɬ,consonant,,alveolar,lateral affricate,voiceless,unaspirated,,,,,,
Khumi,Southern,"Ruma Bazaar, Bangladesh",Peterson2019,tʰɬ,consonant,,alveolar,lateral affricate,voiceless,aspirated,,,,,,
Khumi,Southern,"Ruma Bazaar, Bangladesh",Peterson2019,n,consonant,,alveolar,nasal,voiced,unaspirated,,,,,,
Khumi,Southern,"Ruma Bazaar, Bangladesh",Peterson2019,r,consonant,,alveolar,trill,voiced,unaspirated,,,,,,
Khumi,Southern,"Ruma Bazaar, Bangladesh",Peterson2019,l,consonant,,alveolar,lateral approximant,voiced,unaspirated,,,,,,
Khumi,Southern,"Ruma Bazaar, Bangladesh",Peterson2019,s,consonant,,alveolar,fricative,voiceless,unaspirated,,,,,,
Khumi,Southern,"Ruma Bazaar, Bangladesh",Peterson2019,tʃ,consonant,,postalveolar,affricate,voiceless,unaspirated,,,,,,
Khumi,Southern,"Ruma Bazaar, Bangladesh",Peterson2019,dʒ,consonant,,postalveolar,affricate,voiced,unaspirated,,,,,,
Khumi,Southern,"Ruma Bazaar, Bangladesh",Peterson2019,j,consonant,,palatal,approximant,voiced,unaspirated,,,,,,
Khumi,Southern,"Ruma Bazaar, Bangladesh",Peterson2019,k,consonant,,velar,plosive,voiceless,unaspirated,,,,,,
Khumi,Southern,"Ruma Bazaar, Bangladesh",Peterson2019,kʰ,consonant,,velar,plosive,voiceless,aspirated,,,,,,
Khumi,Southern,"Ruma Bazaar, Bangladesh",Peterson2019,ŋ,consonant,,velar,nasal,voiced,unaspirated,,,,,,
Khumi,Southern,"Ruma Bazaar, Bangladesh",Peterson2019,ʔ,consonant,,glottal,plosive,voiceless,unaspirated,,,,,,
Khumi,Southern,"Ruma Bazaar, Bangladesh",Peterson2019,h,consonant,,glottal,fricative,voiceless,unaspirated,,,,,,
Khumi,Southern,"Ruma Bazaar, Bangladesh",Peterson2019,i,vowel,,,,,,monophthong,high,front,unrounded,short,oral
Khumi,Southern,"Ruma Bazaar, Bangladesh",Peterson2019,e̝,vowel,,,,,,monophthong,raised high-mid,front,unrounded,short,oral
Khumi,Southern,"Ruma Bazaar, Bangladesh",Peterson2019,e,vowel,,,,,,monophthong,high-mid,front,unrounded,short,oral
Khumi,Southern,"Ruma Bazaar, Bangladesh",Peterson2019,æ,vowel,,,,,,monophthong,near-low,front,unrounded,short,oral
Khumi,Southern,"Ruma Bazaar, Bangladesh",Peterson2019,ɘ,vowel,,,,,,monophthong,high-mid,central,unrounded,short,oral
Khumi,Southern,"Ruma Bazaar, Bangladesh",Peterson2019,u,vowel,,,,,,monophthong,high,back,rounded,short,oral
Khumi,Southern,"Ruma Bazaar, Bangladesh",Peterson2019,ɤ,vowel,,,,,,monophthong,high-mid,back,unrounded,short,oral
Khumi,Southern,"Ruma Bazaar, Bangladesh",Peterson2019,o,vowel,,,,,,monophthong,high-mid,back,rounded,short,oral
Khumi,Southern,"Ruma Bazaar, Bangladesh",Peterson2019,ɔ,vowel,,,,,,monophthong,low-mid,back,rounded,short,oral
Khumi,Southern,"Ruma Bazaar, Bangladesh",Peterson2019,a,vowel,,,,,,monophthong,low,central,unrounded,short,oral
Khumi,Southern,"Ruma Bazaar, Bangladesh",Peterson2019,iu,vowel,,,,,,diphthong,,,,short,
Khumi,Southern,"Ruma Bazaar, Bangladesh",Peterson2019,eu,vowel,,,,,,diphthong,,,,short,
Khumi,Southern,"Ruma Bazaar, Bangladesh",Peterson2019,ui,vowel,,,,,,diphthong,,,,short,
Khumi,Southern,"Ruma Bazaar, Bangladesh",Peterson2019,ai,vowel,,,,,,diphthong,,,,short,
Khumi,Southern,"Ruma Bazaar, Bangladesh",Peterson2019,ɔi,vowel,,,,,,diphthong,,,,short,
Lamkang,Northwestern,Manipur,Thounaojam,p,consonant,,bilabial,plosive,voiceless,unaspirated,,,,,,
Lamkang,Northwestern,Manipur,Thounaojam,pʰ,consonant,,bilabial,plosive,voiceless,aspirated,,,,,,
Lamkang,Northwestern,Manipur,Thounaojam,b,consonant,,bilabial,plosive,voiced,unaspirated,,,,,,
Lamkang,Northwestern,Manipur,Thounaojam,m,consonant,,bilabial,nasal,voiced,unaspirated,,,,,,
Lamkang,Northwestern,Manipur,Thounaojam,w,consonant,,bilabial,approximant,voiced,unaspirated,,,,,,
Lamkang,Northwestern,Manipur,Thounaojam,t,consonant,,alveolar,plosive,voiceless,unaspirated,,,,,,
Lamkang,Northwestern,Manipur,Thounaojam,tʰ,consonant,,alveolar,plosive,voiceless,aspirated,,,,,,
Lamkang,Northwestern,Manipur,Thounaojam,d,consonant,,alveolar,plosive,voiced,unaspirated,,,,,,
Lamkang,Northwestern,Manipur,Thounaojam,n,consonant,,alveolar,nasal,voiced,unaspirated,,,,,,
Lamkang,Northwestern,Manipur,Thounaojam,r,consonant,,alveolar,trill,voiced,unaspirated,,,,,,
Lamkang,Northwestern,Manipur,Thounaojam,l,consonant,,alveolar,lateral approximant,voiced,unaspirated,,,,,,
Lamkang,Northwestern,Manipur,Thounaojam,j,consonant,,palatal,approximant,voiced,unaspirated,,,,,,
Lamkang,Northwestern,Manipur,Thounaojam,tɕ,consonant,,alveolo-palatal,affricate,voiceless,unaspirated,,,,,,
Lamkang,Northwestern,Manipur,Thounaojam,dʑ,consonant,,alveolo-palatal,affricate,voiced,unaspirated,,,,,,
Lamkang,Northwestern,Manipur,Thounaojam,k,consonant,,velar,plosive,voiceless,unaspirated,,,,,,
Lamkang,Northwestern,Manipur,Thounaojam,kʰ,consonant,,velar,plosive,voiceless,aspirated,,,,,,
Lamkang,Northwestern,Manipur,Thounaojam,ŋ,consonant,,velar,nasal,voiced,unaspirated,,,,,,
Lamkang,Northwestern,Manipur,Thounaojam,h,consonant,,glottal,fricative,voiceless,unaspirated,,,,,,
Lamkang,Northwestern,Manipur,Thounaojam,i,vowel,,,,,,monophthong,high,front,unrounded,short,oral
Lamkang,Northwestern,Manipur,Thounaojam,e,vowel,,,,,,monophthong,high-mid,front,unrounded,short,oral
Lamkang,Northwestern,Manipur,Thounaojam,ə,vowel,,,,,,monophthong,mid,central,unrounded,short,oral
Lamkang,Northwestern,Manipur,Thounaojam,a,vowel,,,,,,monophthong,low,central,unrounded,short,oral
Lamkang,Northwestern,Manipur,Thounaojam,u,vowel,,,,,,monophthong,high,back,rounded,short,oral
Lamkang,Northwestern,Manipur,Thounaojam,o,vowel,,,,,,monophthong,high-mid,back,rounded,short,oral
Lamkang,Northwestern,Manipur,Thounaojam,əi,vowel,,,,,,diphthong,,,,short,
Lamkang,Northwestern,Manipur,Thounaojam,əu,vowel,,,,,,diphthong,,,,short,
Lamkang,Northwestern,Manipur,Thounaojam,ai,vowel,,,,,,diphthong,,,,short,
Lamkang,Northwestern,Manipur,Thounaojam,au,vowel,,,,,,diphthong,,,,short,
Lamkang,Northwestern,Manipur,Thounaojam,ui,vowel,,,,,,diphthong,,,,short,
Lamkang,Northwestern,Manipur,Thounaojam,oi,vowel,,,,,,diphthong,,,,short,
Zophei,Maraic,Lawngtlang,Lotven,p,consonant,,bilabial,plosive,voiceless,unaspirated,,,,,,
Zophei,Maraic,Lawngtlang,Lotven,pʰ,consonant,,bilabial,plosive,voiceless,aspirated,,,,,,
Zophei,Maraic,Lawngtlang,Lotven,b,consonant,,bilabial,plosive,voiced,unaspirated,,,,,,
Zophei,Maraic,Lawngtlang,Lotven,f,consonant,,labiodental,fricative,voiceless,unaspirated,,,,,,
Zophei,Maraic,Lawngtlang,Lotven,v,consonant,,labiodental,fricative,voiced,unaspirated,,,,,,
Zophei,Maraic,Lawngtlang,Lotven,m̥,consonant,,bilabial,nasal,voiceless,unaspirated,,,,,,
Zophei,Maraic,Lawngtlang,Lotven,m,consonant,,bilabial,nasal,voiced,unaspirated,,,,,,
Zophei,Maraic,Lawngtlang,Lotven,t,consonant,,alveolar,plosive,voiceless,unaspirated,,,,,,
Zophei,Maraic,Lawngtlang,Lotven,tʰ,consonant,,alveolar,plosive,voiceless,aspirated,,,,,,
Zophei,Maraic,Lawngtlang,Lotven,d,consonant,,alveolar,plosive,voiced,unaspirated,,,,,,
Zophei,Maraic,Lawngtlang,Lotven,s,consonant,,alveolar,fricative,voiceless,unaspirated,,,,,,
Zophei,Maraic,Lawngtlang,Lotven,z,consonant,,alveolar,fricative,voiced,unaspirated,,,,,,
Zophei,Maraic,Lawngtlang,Lotven,ts,consonant,,alveolar,affricate,voiceless,unaspirated,,,,,,
Zophei,Maraic,Lawngtlang,Lotven,tsʰ,consonant,,alveolar,affricate,voiceless,aspirated,,,,,,
Zophei,Maraic,Lawngtlang,Lotven,tɬ,consonant,,alveolar,lateral affricate,voiceless,unaspirated,,,,,,
Zophei,Maraic,Lawngtlang,Lotven,tl,consonant,,alveolar,lateral affricate,voiceless,unaspirated,,,,,,
Zophei,Maraic,Lawngtlang,Lotven,n̥,consonant,,alveolar,nasal,voiceless,unaspirated,,,,,,
Zophei,Maraic,Lawngtlang,Lotven,n,consonant,,alveolar,nasal,voiced,unaspirated,,,,,,
Zophei,Maraic,Lawngtlang,Lotven,l̥,consonant,,alveolar,lateral approximant,voiceless,unaspirated,,,,,,
Zophei,Maraic,Lawngtlang,Lotven,l,consonant,,alveolar,lateral approximant,voiced,unaspirated,,,,,,
Zophei,Maraic,Lawngtlang,Lotven,ɹ̥,consonant,,alveolar,approximant,voiceless,unaspirated,,,,,,
Zophei,Maraic,Lawngtlang,Lotven,ɹ,consonant,,alveolar,approximant,voiced,unaspirated,,,,,,
Zophei,Maraic,Lawngtlang,Lotven,k,consonant,,velar,plosive,voiceless,unaspirated,,,,,,
Zophei,Maraic,Lawngtlang,Lotven,kʰ,consonant,,velar,plosive,voiceless,aspirated,,,,,,
Zophei,Maraic,Lawngtlang,Lotven,ŋ,consonant,,velar,nasal,voiced,unaspirated,,,,,,
Zophei,Maraic,Lawngtlang,Lotven,ʔ,consonant,,glottal,plosive,voiceless,unaspirated,,,,,,
Zophei,Maraic,Lawngtlang,Lotven,h,consonant,,glottal,fricative,voiceless,unaspirated,,,,,,
Zophei,Maraic,Lawngtlang,Lotven,i,vowel,,,,,,monophthong,high,front,unrounded,short,oral
Zophei,Maraic,Lawngtlang,Lotven,iː,vowel,,,,,,monophthong,high,front,unrounded,long,oral
Zophei,Maraic,Lawngtlang,Lotven,y,vowel,,,,,,monophthong,high,front,rounded,short,oral
Zophei,Maraic,Lawngtlang,Lotven,yː,vowel,,,,,,monophthong,high,front,rounded,long,oral
Zophei,Maraic,Lawngtlang,Lotven,e,vowel,,,,,,monophthong,high-mid,front,unrounded,short,oral
Zophei,Maraic,Lawngtlang,Lotven,eː,vowel,,,,,,monophthong,high-mid,front,unrounded,long,oral
Zophei,Maraic,Lawngtlang,Lotven,øː,vowel,,,,,,monophthong,high-mid,front,rounded,long,oral
Zophei,Maraic,Lawngtlang,Lotven,ɨː,vowel,,,,,,monophthong,high,central,unrounded,long,oral
Zophei,Maraic,Lawngtlang,Lotven,ʉː,vowel,,,,,,monophthong,high,central,rounded,long,oral
Zophei,Maraic,Lawngtlang,Lotven,a,vowel,,,,,,monophthong,low,central,unrounded,short,oral
Zophei,Maraic,Lawngtlang,Lotven,aː,vowel,,,,,,monophthong,low,central,unrounded,long,oral
Zophei,Maraic,Lawngtlang,Lotven,u,vowel,,,,,,monophthong,high,back,rounded,short,oral
Zophei,Maraic,Lawngtlang,Lotven,uː,vowel,,,,,,monophthong,high,back,rounded,long,oral
Zophei,Maraic,Lawngtlang,Lotven,ui,vowel,,,,,,diphthong,,,,short,
Zophei,Maraic,Lawngtlang,Lotven,au,vowel,,,,,,diphthong,,,,short,
Zophei,Maraic,Lawngtlang,Lotven,io,vowel,,,,,,diphthong,,,,short,
Zophei,Maraic,Lawngtlang,Lotven,ie,vowel,,,,,,diphthong,,,,short,
Lutuv,Maraic,Hnaring,"Berkson2022, Bohnert2022",p,consonant,,bilabial,plosive,voiceless,unaspirated,,,,,,
Lutuv,Maraic,Hnaring,"Berkson2022, Bohnert2022",pʰ,consonant,,bilabial,plosive,voiceless,aspirated,,,,,,
Lutuv,Maraic,Hnaring,"Berkson2022, Bohnert2022",b,consonant,,bilabial,plosive,voiced,unaspirated,,,,,,
Lutuv,Maraic,Hnaring,"Berkson2022, Bohnert2022",v,consonant,,labiodental,fricative,voiced,unaspirated,,,,,,
Lutuv,Maraic,Hnaring,"Berkson2022, Bohnert2022",m̥,consonant,,bilabial,nasal,voiceless,unaspirated,,,,,,
Lutuv,Maraic,Hnaring,"Berkson2022, Bohnert2022",m,consonant,,bilabial,nasal,voiced,unaspirated,,,,,,
Lutuv,Maraic,Hnaring,"Berkson2022, Bohnert2022",t,consonant,,alveolar,plosive,voiceless,unaspirated,,,,,,
Lutuv,Maraic,Hnaring,"Berkson2022, Bohnert2022",tʰ,consonant,,alveolar,plosive,voiceless,aspirated,,,,,,
Lutuv,Maraic,Hnaring,"Berkson2022, Bohnert2022",d,consonant,,alveolar,plosive,voiced,unaspirated,,,,,,
Lutuv,Maraic,Hnaring,"Berkson2022, Bohnert2022",s,consonant,,alveolar,fricative,voiceless,unaspirated,,,,,,
Lutuv,Maraic,Hnaring,"Berkson2022, Bohnert2022",z,consonant,,alveolar,fricative,voiced,unaspirated,,,,,,
Lutuv,Maraic,Hnaring,"Berkson2022, Bohnert2022",ts,consonant,,alveolar,affricate,voiceless,unaspirated,,,,,,
Lutuv,Maraic,Hnaring,"Berkson2022, Bohnert2022",tsʰ,consonant,,alveolar,affricate,voiceless,aspirated,,,,,,
Lutuv,Maraic,Hnaring,"Berkson2022, Bohnert2022",tl,consonant,,alveolar,lateral affricate,voiceless,unaspirated,,,,,,
Lutuv,Maraic,Hnaring,"Berkson2022, Bohnert2022",tlʰ,consonant,,alveolar,lateral affricate,voiceless,aspirated,,,,,,
Lutuv,Maraic,Hnaring,"Berkson2022, Bohnert2022",n̥,consonant,,alveolar,nasal,voiceless,unaspirated,,,,,,
Lutuv,Maraic,Hnaring,"Berkson2022, Bohnert2022",n,consonant,,alveolar,nasal,voiced,unaspirated,,,,,,
Lutuv,Maraic,Hnaring,"Berkson2022, Bohnert2022",r̥,consonant,,alveolar,trill,voiceless,unaspirated,,,,,,
Lutuv,Maraic,Hnaring,"Berkson2022, Bohnert2022",r,consonant,,alveolar,trill,voiced,unaspirated,,,,,,
Lutuv,Maraic,Hnaring,"Berkson2022, Bohnert2022",l̥,consonant,,alveolar,lateral approximant,voiceless,unaspirated,,,,,,
Lutuv,Maraic,Hnaring,"Berkson2022, Bohnert2022",l,consonant,,alveolar,lateral approximant,voiced,unaspirated,,,,,,
Lutuv,Maraic,Hnaring,"Berkson2022, Bohnert2022",k,consonant,,velar,plosive,voiceless,unaspirated,,,,,,
Lutuv,Maraic,Hnaring,"Berkson2022, Bohnert2022",kʰ,consonant,,velar,plosive,voiceless,aspirated,,,,,,
Lutuv,Maraic,Hnaring,"Berkson2022, Bohnert2022",ŋ,consonant,,velar,nasal,voiced,unaspirated,,,,,,
Lutuv,Maraic,Hnaring,"Berkson2022, Bohnert2022",h,consonant,,glottal,fricative,voiceless,unaspirated,,,,,,
Lutuv,Maraic,Hnaring,"Berkson2022, Bohnert2022",i,vowel,,,,,,monophthong,high,front,unrounded,short,oral
Lutuv,Maraic,Hnaring,"Berkson2022, Bohnert2022",y,vowel,,,,,,monophthong,high,front,rounded,short,oral
Lutuv,Maraic,Hnaring,"Berkson2022, Bohnert2022",e,vowel,,,,,,monophthong,high-mid,front,unrounded,short,oral
Lutuv,Maraic,Hnaring,"Berkson2022, Bohnert2022",ɨ,vowel,,,,,,monophthong,high,central,unrounded,short,oral
Lutuv,Maraic,Hnaring,"Berkson2022, Bohnert2022",ʉ,vowel,,,,,,monophthong,high,central,rounded,short,oral
Lutuv,Maraic,Hnaring,"Berkson2022, Bohnert2022",ə,vowel,,,,,,monophthong,mid,central,unrounded,short,oral
Lutuv,Maraic,Hnaring,"Berkson2022, Bohnert2022",a,vowel,,,,,,monophthong,low,central,unrounded,short,oral
Lutuv,Maraic,Hnaring,"Berkson2022, Bohnert2022",ɯ,vowel,,,,,,monophthong,high,back,unrounded,short,oral
Lutuv,Maraic,Hnaring,"Berkson2022, Bohnert2022",u,vowel,,,,,,monophthong,high,back,rounded,short,oral
Lutuv,Maraic,Hnaring,"Berkson2022, Bohnert2022",ɔ,vowel,,,,,,monophthong,low-mid,back,rounded,short,oral
Lutuv,Maraic,Hnaring,"Berkson2022, Bohnert2022",ie,vowel,,,,,,diphthong,,,,short,
Lutuv,Maraic,Hnaring,"Berkson2022, Bohnert2022",uo,vowel,,,,,,diphthong,,,,short,
Lutuv,Maraic,Hnaring,"Berkson2022, Bohnert2022",yə,vowel,,,,,,diphthong,,,,short,
Lutuv,Maraic,Hnaring,"Berkson2022, Bohnert2022",ɯe,vowel,,,,,,diphthong,,,,short,
Mara,Maraic,Sabeu,Arden,p,consonant,,bilabial,plosive,voiceless,unaspirated,,,,,,
Mara,Maraic,Sabeu,Arden,pʰ,consonant,,bilabial,plosive,voiceless,aspirated,,,,,,
Mara,Maraic,Sabeu,Arden,b,consonant,,bilabial,plosive,voiced,unaspirated,,,,,,
Mara,Maraic,Sabeu,Arden,m,consonant,,bilabial,nasal,voiced,unaspirated,,,,,,
Mara,Maraic,Sabeu,Arden,mʰ,consonant,,bilabial,nasal,voiced,aspirated,,,,,,
Mara,Maraic,Sabeu,Arden,w,consonant,,bilabial,approximant,voiced,unaspirated,,,,,,
Mara,Maraic,Sabeu,Arden,f,consonant,,labiodental,fricative,voiceless,unaspirated,,,,,,
Mara,Maraic,Sabeu,Arden,v,consonant,,labiodental,fricative,voiced,unaspirated,,,,,,
Mara,Maraic,Sabeu,Arden,tʰ,consonant,,alveolar,plosive,voiceless,aspirated,,,,,,
Mara,Maraic,Sabeu,Arden,t,consonant,,alveolar,plosive,voiceless,unaspirated,,,,,,
Mara,Maraic,Sabeu,Arden,d,consonant,,alveolar,plosive,voiced,unaspirated,,,,,,
Mara,Maraic,Sabeu,Arden,n,consonant,,alveolar,nasal,voiced,unaspirated,,,,,,
Mara,Maraic,Sabeu,Arden,nʰ,consonant,,alveolar,nasal,voiced,aspirated,,,,,,
Mara,Maraic,Sabeu,Arden,r,consonant,,alveolar,trill,voiced,unaspirated,,,,,,
Mara,Maraic,Sabeu,Arden,r̥,consonant,,alveolar,trill,voiceless,unaspirated,,,,,,
Mara,Maraic,Sabeu,Arden,s,consonant,,alveolar,fricative,voiceless,unaspirated,,,,,,
Mara,Maraic,Sabeu,Arden,z,consonant,,alveolar,fricative,voiced,unaspirated,,,,,,
Mara,Maraic,Sabeu,Arden,ɹ̥,consonant,,alveolar,approximant,voiceless,unaspirated,,,,,,
Mara,Maraic,Sabeu,Arden,l,consonant,,alveolar,lateral approximant,voiced,unaspirated,,,,,,
Mara,Maraic,Sabeu,Arden,l̥,consonant,,alveolar,lateral approximant,voiceless,unaspirated,,,,,,
Mara,Maraic,Sabeu,Arden,tɕ,consonant,,alveolo-palatal,affricate,voiceless,unaspirated,,,,,,
Mara,Maraic,Sabeu,Arden,tɕʰ,consonant,,alveolo-palatal,affricate,voiceless,aspirated,,,,,,
Mara,Maraic,Sabeu,Arden,dʑ,consonant,,alveolo-palatal,affricate,voiced,unaspirated,,,,,,
Mara,Maraic,Sabeu,Arden,k,consonant,,velar,plosive,voiceless,unaspirated,,,,,,
Mara,Maraic,Sabeu,Arden,kʰ,consonant,,velar,plosive,voiceless,aspirated,,,,,,
Mara,Maraic,Sabeu,Arden,ŋ,consonant,,velar,nasal,voiced,unaspirated,,,,,,
Mara,Maraic,Sabeu,Arden,j,consonant,,palatal,approximant,voiced,unaspirated,,,,,,
Mara,Maraic,Sabeu,Arden,h,consonant,,glottal,fricative,voiceless,unaspirated,,,,,,
Mara,Maraic,Sabeu,Arden,i,vowel,,,,,,monophthong,high,front,unrounded,short,oral
Mara,Maraic,Sabeu,Arden,y,vowel,,,,,,monophthong,high,front,rounded,short,oral
Mara,Maraic,Sabeu,Arden,ɨ,vowel,,,,,,monophthong,high,central,unrounded,short,oral
Mara,Maraic,Sabeu,Arden,u,vowel,,,,,,monophthong,high,back,rounded,short,oral
Mara,Maraic,Sabeu,Arden,i̞,vowel,,,,,,monophthong,lowered high,front,unrounded,short,oral
Mara,Maraic,Sabeu,Arden,u̞,vowel,,,,,,monophthong,lowered high,back,rounded,short,oral
Mara,Maraic,Sabeu,Arden,e,vowel,,,,,,monophthong,high-mid,front,unrounded,short,oral
Mara,Maraic,Sabeu,Arden,ø,vowel,,,,,,monophthong,high-mid,front,rounded,short,oral
Mara,Maraic,Sabeu,Arden,o,vowel,,,,,,monophthong,high-mid,back,rounded,short,oral
Mara,Maraic,Sabeu,Arden,ɑ,vowel,,,,,,monophthong,low,back,unrounded,short,oral
Mara,Maraic,Sabeu,Arden,ɑ̞,vowel,,,,,,monophthong,lowered low,back,unrounded,short,oral
Mara,Maraic,Sabeu,Arden,eɪ,vowel,,,,,,diphthong,,,,short,
Mara,Maraic,Sabeu,Arden,øɪ,vowel,,,,,,diphthong,,,,short,
Mara,Maraic,Sabeu,Arden,ɐʊ,vowel,,,,,,diphthong,,,,short,
Mara,Maraic,Sabeu,Arden,ɑi,vowel,,,,,,diphthong,,,,short,
Matu,Southern,,Shintani2016,p,consonant,,bilabial,plosive,voiceless,unaspirated,,,,,,
Matu,Southern,,Shintani2016,pʰ,consonant,,bilabial,plosive,voiceless,aspirated,,,,,,
Matu,Southern,,Shintani2016,ɓ,consonant,,bilabial,implosive,voiced,unaspirated,,,,,,
Matu,Southern,,Shintani2016,v,consonant,,labiodental,fricative,voiced,unaspirated,,,,,,
Matu,Southern,,Shintani2016,m,consonant,,bilabial,nasal,voiced,unaspirated,,,,,,
Matu,Southern,,Shintani2016,t,consonant,,alveolar,plosive,voiceless,unaspirated,,,,,,
Matu,Southern,,Shintani2016,tʰ,consonant,,alveolar,plosive,voiceless,aspirated,,,,,,
Matu,Southern,,Shintani2016,ɗ,consonant,,alveolar,implosive,voiced,unaspirated,,,,,,
Matu,Southern,,Shintani2016,s,consonant,,alveolar,fricative,voiceless,unaspirated,,,,,,
Matu,Southern,,Shintani2016,sʰ,consonant,,alveolar,fricative,voiceless,aspirated,,,,,,
Matu,Southern,,Shintani2016,n,consonant,,alveolar,nasal,voiced,unaspirated,,,,,,
Matu,Southern,,Shintani2016,r̥,consonant,,alveolar,trill,voiceless,unaspirated,,,,,,
Matu,Southern,,Shintani2016,r,consonant,,alveolar,trill,voiced,unaspirated,,,,,,
Matu,Southern,,Shintani2016,l̥,consonant,,alveolar,lateral approximant,voiceless,unaspirated,,,,,,
Matu,Southern,,Shintani2016,l,consonant,,alveolar,lateral approximant,voiced,unaspirated,,,,,,
Matu,Southern,,Shintani2016,j,consonant,,palatal,approximant,voiced,unaspirated,,,,,,
Matu,Southern,,Shintani2016,k,consonant,,velar,plosive,voiceless,unaspirated,,,,,,
Matu,Southern,,Shintani2016,kʰ,consonant,,velar,plosive,voiceless,aspirated,,,,,,
Matu,Southern,,Shintani2016,ŋ,consonant,,velar,nasal,voiced,unaspirated,,,,,,
Matu,Southern,,Shintani2016,ʔ,consonant,,glottal,plosive,voiceless,unaspirated,,,,,,
Matu,Southern,,Shintani2016,h,consonant,,glottal,fricative,voiceless,unaspirated,,,,,,
Matu,Southern,,Shintani2016,i,vowel,,,,,,monophthong,high,front,unrounded,short,oral
Matu,Southern,,Shintani2016,iː,vowel,,,,,,monophthong,high,front,unrounded,long,oral
Matu,Southern,,Shintani2016,e,vowel,,,,,,monophthong,high-mid,front,unrounded,short,oral
Matu,Southern,,Shintani2016,eː,vowel,,,,,,monophthong,high-mid,front,unrounded,long,oral
Matu,Southern,,Shintani2016,ə,vowel,,,,,,monophthong,mid,central,unrounded,short,oral
Matu,Southern,,Shintani2016,əː,vowel,,,,,,monophthong,mid,central,unrounded,long,oral
Matu,Southern,,Shintani2016,a,vowel,,,,,,monophthong,low,central,unrounded,short,oral
Matu,Southern,,Shintani2016,aː,vowel,,,,,,monophthong,low,central,unrounded,long,oral
Matu,Southern,,Shintani2016,ɯ,vowel,,,,,,monophthong,high,back,unrounded,short,oral
Matu,Southern,,Shintani2016,ɯː,vowel,,,,,,monophthong,high,back,unrounded,long,oral
Matu,Southern,,Shintani2016,u,vowel,,,,,,monophthong,high,back,rounded,short,oral
Matu,Southern,,Shintani2016,uː,vowel,,,,,,monophthong,high,back,rounded,long,oral
Matu,Southern,,Shintani2016,o,vowel,,,,,,monophthong,high-mid,back,rounded,short,oral
Matu,Southern,,Shintani2016,oː,vowel,,,,,,monophthong,high-mid,back,rounded,long,oral
Matu,Southern,,Shintani2016,a,vowel,,,,,,monophthong,low,central,unrounded,short,oral
Matu,Southern,,Shintani2016,aː,vowel,,,,,,monophthong,low,central,unrounded,long,oral
Mindat,Southern,Khokhi,Bohnert2025,p,consonant,,bilabial,plosive,voiceless,unaspirated,,,,,,
Mindat,Southern,Khokhi,Bohnert2025,pʰ,consonant,,bilabial,plosive,voiceless,aspirated,,,,,,
Mindat,Southern,Khokhi,Bohnert2025,b,consonant,,bilabial,plosive,voiced,unaspirated,,,,,,
Mindat,Southern,Khokhi,Bohnert2025,v,consonant,,labiodental,fricative,voiced,unaspirated,,,,,,
Mindat,Southern,Khokhi,Bohnert2025,m̥,consonant,,bilabial,nasal,voiceless,unaspirated,,,,,,
Mindat,Southern,Khokhi,Bohnert2025,m,consonant,,bilabial,nasal,voiced,unaspirated,,,,,,
Mindat,Southern,Khokhi,Bohnert2025,t,consonant,,alveolar,plosive,voiceless,unaspirated,,,,,,
Mindat,Southern,Khokhi,Bohnert2025,tʰ,consonant,,alveolar,plosive,voiceless,aspirated,,,,,,
Mindat,Southern,Khokhi,Bohnert2025,d,consonant,,alveolar,plosive,voiced,unaspirated,,,,,,
Mindat,Southern,Khokhi,Bohnert2025,s,consonant,,alveolar,fricative,voiceless,unaspirated,,,,,,
Mindat,Southern,Khokhi,Bohnert2025,z,consonant,,alveolar,fricative,voiced,unaspirated,,,,,,
Mindat,Southern,Khokhi,Bohnert2025,ts,consonant,,alveolar,affricate,voiceless,unaspirated,,,,,,
Mindat,Southern,Khokhi,Bohnert2025,ɬ,consonant,,alveolar,lateral fricative,voiceless,unaspirated,,,,,,
Mindat,Southern,Khokhi,Bohnert2025,l,consonant,,alveolar,lateral approximant,voiced,unaspirated,,,,,,
Mindat,Southern,Khokhi,Bohnert2025,n̥,consonant,,alveolar,nasal,voiceless,unaspirated,,,,,,
Mindat,Southern,Khokhi,Bohnert2025,n,consonant,,alveolar,nasal,voiced,unaspirated,,,,,,
Mindat,Southern,Khokhi,Bohnert2025,ɕ,consonant,,alveolo-palatal,fricative,voiceless,unaspirated,,,,,,
Mindat,Southern,Khokhi,Bohnert2025,ʑ,consonant,,alveolo-palatal,fricative,voiced,unaspirated,,,,,,
Mindat,Southern,Khokhi,Bohnert2025,ç,consonant,,palatal,fricative,voiceless,unaspirated,,,,,,
Mindat,Southern,Khokhi,Bohnert2025,ʝ,consonant,,palatal,fricative,voiced,unaspirated,,,,,,
Mindat,Southern,Khokhi,Bohnert2025,j,consonant,,palatal,approximant,voiced,unaspirated,,,,,,
Mindat,Southern,Khokhi,Bohnert2025,k,consonant,,velar,plosive,voiceless,unaspirated,,,,,,
Mindat,Southern,Khokhi,Bohnert2025,kʰ,consonant,,velar,plosive,voiceless,aspirated,,,,,,
Mindat,Southern,Khokhi,Bohnert2025,ʁ,consonant,,uvular,fricative,voiced,unaspirated,,,,,,
Mindat,Southern,Khokhi,Bohnert2025,kx,consonant,,velar,affricate,voiceless,unaspirated,,,,,,
Mindat,Southern,Khokhi,Bohnert2025,ŋ̊,consonant,,velar,nasal,voiceless,unaspirated,,,,,,
Mindat,Southern,Khokhi,Bohnert2025,ŋ,consonant,,velar,nasal,voiced,unaspirated,,,,,,
Mindat,Southern,Khokhi,Bohnert2025,ʔ,consonant,,glottal,plosive,voiceless,unaspirated,,,,,,
Mindat,Southern,Khokhi,Bohnert2025,h,consonant,,glottal,fricative,voiceless,unaspirated,,,,,,
Mindat,Southern,Khokhi,Bohnert2025,i,vowel,,,,,,monophthong,high,front,unrounded,short,oral
Mindat,Southern,Khokhi,Bohnert2025,e,vowel,,,,,,monophthong,high-mid,front,unrounded,short,oral
Mindat,Southern,Khokhi,Bohnert2025,a,vowel,,,,,,monophthong,low,central,unrounded,short,oral
Mindat,Southern,Khokhi,Bohnert2025,ɨ,vowel,,,,,,monophthong,high,central,unrounded,short,oral
Mindat,Southern,Khokhi,Bohnert2025,ʉ,vowel,,,,,,monophthong,high,central,rounded,short,oral
Mindat,Southern,Khokhi,Bohnert2025,ə,vowel,,,,,,monophthong,mid,central,unrounded,short,oral
Mindat,Southern,Khokhi,Bohnert2025,u,vowel,,,,,,monophthong,high,back,rounded,short,oral
Mindat,Southern,Khokhi,Bohnert2025,o,vowel,,,,,,monophthong,high-mid,back,rounded,short,oral
Mindat,Southern,Khokhi,Bohnert2025,ɑ,vowel,,,,,,monophthong,low,back,unrounded,short,oral
Mindat,Southern,Khokhi,Bohnert2025,ui,vowel,,,,,,diphthong,,,,short,
Mindat,Southern,Khokhi,Bohnert2025,œi,vowel,,,,,,diphthong,,,,short,
Mindat,Southern,Khokhi,Bohnert2025,ei,vowel,,,,,,diphthong,,,,short,
Mindat,Southern,Khokhi,Bohnert2025,oi,vowel,,,,,,diphthong,,,,short,
Mizo,Central,Airawl,"Weidert, Henderson",p,consonant,,bilabial,plosive,voiceless,unaspirated,,,,,,
Mizo,Central,Airawl,"Weidert, Henderson",pʰ,consonant,,bilabial,plosive,voiceless,aspirated,,,,,,
Mizo,Central,Airawl,"Weidert, Henderson",b,consonant,,bilabial,plosive,voiced,unaspirated,,,,,,
Mizo,Central,Airawl,"Weidert, Henderson",f,consonant,,labiodental,fricative,voiceless,unaspirated,,,,,,
Mizo,Central,Airawl,"Weidert, Henderson",v,consonant,,labiodental,fricative,voiced,unaspirated,,,,,,
Mizo,Central,Airawl,"Weidert, Henderson",m̥,consonant,,bilabial,nasal,voiceless,unaspirated,,,,,,
Mizo,Central,Airawl,"Weidert, Henderson",m,consonant,,bilabial,nasal,voiced,unaspirated,,,,,,
Mizo,Central,Airawl,"Weidert, Henderson",t̪,consonant,,dental,plosive,voiceless,unaspirated,,,,,,
Mizo,Central,Airawl,"Weidert, Henderson",t̪ʰ,consonant,,dental,plosive,voiceless,aspirated,,,,,,
Mizo,Central,Airawl,"Weidert, Henderson",d,consonant,,alveolar,plosive,voiced,unaspirated,,,,,,
Mizo,Central,Airawl,"Weidert, Henderson",t,consonant,,alveolar,plosive,voiceless,unaspirated,,,,,,
Mizo,Central,Airawl,"Weidert, Henderson",tʰ,consonant,,alveolar,plosive,voiceless,aspirated,,,,,,
Mizo,Central,Airawl,"Weidert, Henderson",s,consonant,,alveolar,fricative,voiceless,unaspirated,,,,,,
Mizo,Central,Airawl,"Weidert, Henderson",z,consonant,,alveolar,fricative,voiced,unaspirated,,,,,,
Mizo,Central,Airawl,"Weidert, Henderson",ts,consonant,,alveolar,affricate,voiceless,unaspirated,,,,,,
Mizo,Central,Airawl,"Weidert, Henderson",tsʰ,consonant,,alveolar,affricate,voiceless,aspirated,,,,,,
Mizo,Central,Airawl,"Weidert, Henderson",tl,consonant,,alveolar,lateral affricate,voiceless,unaspirated,,,,,,
Mizo,Central,Airawl,"Weidert, Henderson",tlʰ,consonant,,alveolar,lateral affricate,voiceless,aspirated,,,,,,
Mizo,Central,Airawl,"Weidert, Henderson",n̥,consonant,,alveolar,nasal,voiceless,unaspirated,,,,,,
Mizo,Central,Airawl,"Weidert, Henderson",n,consonant,,alveolar,nasal,voiced,unaspirated,,,,,,
Mizo,Central,Airawl,"Weidert, Henderson",r̥,consonant,,alveolar,trill,voiceless,unaspirated,,,,,,
Mizo,Central,Airawl,"Weidert, Henderson",r,consonant,,alveolar,trill,voiced,unaspirated,,,,,,
Mizo,Central,Airawl,"Weidert, Henderson",l̥,consonant,,alveolar,lateral approximant,voiceless,unaspirated,,,,,,
Mizo,Central,Airawl,"Weidert, Henderson",l,consonant,,alveolar,lateral approximant,voiced,unaspirated,,,,,,
Mizo,Central,Airawl,"Weidert, Henderson",k,consonant,,velar,plosive,voiceless,unaspirated,,,,,,
Mizo,Central,Airawl,"Weidert, Henderson",kʰ,consonant,,velar,plosive,voiceless,aspirated,,,,,,
Mizo,Central,Airawl,"Weidert, Henderson",ŋ̊,consonant,,velar,nasal,voiceless,unaspirated,,,,,,
Mizo,Central,Airawl,"Weidert, Henderson",ŋ,consonant,,velar,nasal,voiced,unaspirated,,,,,,
Mizo,Central,Airawl,"Weidert, Henderson",ʔ,consonant,,glottal,plosive,voiceless,unaspirated,,,,,,
Mizo,Central,Airawl,"Weidert, Henderson",h,consonant,,glottal,fricative,voiceless,unaspirated,,,,,,
Mizo,Central,Airawl,"Weidert, Henderson",i,vowel,,,,,,monophthong,high,front,unrounded,short,oral
Mizo,Central,Airawl,"Weidert, Henderson",iː,vowel,,,,,,monophthong,high,front,unrounded,long,oral
Mizo,Central,Airawl,"Weidert, Henderson",e,vowel,,,,,,monophthong,high-mid,front,unrounded,short,oral
Mizo,Central,Airawl,"Weidert, Henderson",eː,vowel,,,,,,monophthong,high-mid,front,unrounded,long,oral
Mizo,Central,Airawl,"Weidert, Henderson",u,vowel,,,,,,monophthong,high,back,rounded,short,oral
Mizo,Central,Airawl,"Weidert, Henderson",uː,vowel,,,,,,monophthong,high,back,rounded,long,oral
Mizo,Central,Airawl,"Weidert, Henderson",o,vowel,,,,,,monophthong,high-mid,back,rounded,short,oral
Mizo,Central,Airawl,"Weidert, Henderson",oː,vowel,,,,,,monophthong,high-mid,back,rounded,long,oral
Mizo,Central,Airawl,"Weidert, Henderson",a,vowel,,,,,,monophthong,low,central,unrounded,short,oral
Mizo,Central,Airawl,"Weidert, Henderson",ia,vowel,,,,,,diphthong,,,,short,
Mizo,Central,Airawl,"Weidert, Henderson",ua,vowel,,,,,,diphthong,,,,short,
Mizo,Central,Airawl,"Weidert, Henderson",ei,vowel,,,,,,diphthong,,,,short,
Mizo,Central,Airawl,"Weidert, Henderson",ai,vowel,,,,,,diphthong,,,,short,
Mizo,Central,Airawl,"Weidert, Henderson",oi,vowel,,,,,,diphthong,,,,short,
Mizo,Central,Airawl,"Weidert, Henderson",ui,vowel,,,,,,diphthong,,,,short,
Mizo,Central,Airawl,"Weidert, Henderson",eu,vowel,,,,,,diphthong,,,,short,
Mizo,Central,Airawl,"Weidert, Henderson",au,vowel,,,,,,diphthong,,,,short,
Mizo,Central,Airawl,"Weidert, Henderson",ou,vowel,,,,,,diphthong,,,,short,
Mizo,Central,Airawl,"Weidert, Henderson",eːi,vowel,,,,,,diphthong,,,,long,
Mizo,Central,Airawl,"Weidert, Henderson",aːi,vowel,,,,,,diphthong,,,,long,
Mizo,Central,Airawl,"Weidert, Henderson",oːi,vowel,,,,,,diphthong,,,,long,
Mizo,Central,Airawl,"Weidert, Henderson",uːi,vowel,,,,,,diphthong,,,,long,
Mizo,Central,Airawl,"Weidert, Henderson",iːu,vowel,,,,,,diphthong,,,,long,
Mizo,Central,Airawl,"Weidert, Henderson",eːu,vowel,,,,,,diphthong,,,,long,
Mizo,Central,Airawl,"Weidert, Henderson",aːu,vowel,,,,,,diphthong,,,,long,
Mizo,Central,Airawl,"Weidert, Henderson",iai,vowel,,,,,,triphthong,,,,,
Mizo,Central,Airawl,"Weidert, Henderson",uai,vowel,,,,,,triphthong,,,,,
Mizo,Central,Airawl,"Weidert, Henderson",iau,vowel,,,,,,triphthong,,,,,
Mizo,Central,Airawl,"Weidert, Henderson",uau,vowel,,,,,,triphthong,,,,,
Mizo,Central,Mizoram,Chhangte,p,consonant,,bilabial,plosive,voiceless,unaspirated,,,,,,
Mizo,Central,Mizoram,Chhangte,pʰ,consonant,,bilabial,plosive,voiceless,aspirated,,,,,,
Mizo,Central,Mizoram,Chhangte,b,consonant,,bilabial,plosive,voiced,unaspirated,,,,,,
Mizo,Central,Mizoram,Chhangte,f,consonant,,labiodental,fricative,voiceless,unaspirated,,,,,,
Mizo,Central,Mizoram,Chhangte,v,consonant,,labiodental,fricative,voiced,unaspirated,,,,,,
Mizo,Central,Mizoram,Chhangte,m̥,consonant,,bilabial,nasal,voiceless,unaspirated,,,,,,
Mizo,Central,Mizoram,Chhangte,m,consonant,,bilabial,nasal,voiced,unaspirated,,,,,,
Mizo,Central,Mizoram,Chhangte,t̪,consonant,,dental,plosive,voiceless,unaspirated,,,,,,
Mizo,Central,Mizoram,Chhangte,t̪ʰ,consonant,,dental,plosive,voiceless,aspirated,,,,,,
Mizo,Central,Mizoram,Chhangte,d,consonant,,alveolar,plosive,voiced,unaspirated,,,,,,
Mizo,Central,Mizoram,Chhangte,t,consonant,,alveolar,plosive,voiceless,unaspirated,,,,,,
Mizo,Central,Mizoram,Chhangte,tʰ,consonant,,alveolar,plosive,voiceless,aspirated,,,,,,
Mizo,Central,Mizoram,Chhangte,s,consonant,,alveolar,fricative,voiceless,unaspirated,,,,,,
Mizo,Central,Mizoram,Chhangte,z,consonant,,alveolar,fricative,voiced,unaspirated,,,,,,
Mizo,Central,Mizoram,Chhangte,tl,consonant,,alveolar,lateral affricate,voiceless,unaspirated,,,,,,
Mizo,Central,Mizoram,Chhangte,tlʰ,consonant,,alveolar,lateral affricate,voiceless,aspirated,,,,,,
Mizo,Central,Mizoram,Chhangte,n̥,consonant,,alveolar,nasal,voiceless,unaspirated,,,,,,
Mizo,Central,Mizoram,Chhangte,n,consonant,,alveolar,nasal,voiced,unaspirated,,,,,,
Mizo,Central,Mizoram,Chhangte,r̥,consonant,,alveolar,trill,voiceless,unaspirated,,,,,,
Mizo,Central,Mizoram,Chhangte,r,consonant,,alveolar,trill,voiced,unaspirated,,,,,,
Mizo,Central,Mizoram,Chhangte,l̥,consonant,,alveolar,lateral approximant,voiceless,unaspirated,,,,,,
Mizo,Central,Mizoram,Chhangte,l,consonant,,alveolar,lateral approximant,voiced,unaspirated,,,,,,
Mizo,Central,Mizoram,Chhangte,k,consonant,,velar,plosive,voiceless,unaspirated,,,,,,
Mizo,Central,Mizoram,Chhangte,kʰ,consonant,,velar,plosive,voiceless,aspirated,,,,,,
Mizo,Central,Mizoram,Chhangte,ŋ̊,consonant,,velar,nasal,voiceless,unaspirated,,,,,,
Mizo,Central,Mizoram,Chhangte,ŋ,consonant,,velar,nasal,voiced,unaspirated,,,,,,
Mizo,Central,Mizoram,Chhangte,ʔ,consonant,,glottal,plosive,voiceless,unaspirated,,,,,,
Mizo,Central,Mizoram,Chhangte,h,consonant,,glottal,fricative,voiceless,unaspirated,,,,,,
Mizo,Central,Mizoram,Chhangte,i,vowel,,,,,,monophthong,high,front,unrounded,short,oral
Mizo,Central,Mizoram,Chhangte,iː,vowel,,,,,,monophthong,high,front,unrounded,long,oral
Mizo,Central,Mizoram,Chhangte,ɛ,vowel,,,,,,monophthong,low-mid,front,unrounded,short,oral
Mizo,Central,Mizoram,Chhangte,ɛː,vowel,,,,,,monophthong,low-mid,front,unrounded,long,oral
Mizo,Central,Mizoram,Chhangte,u,vowel,,,,,,monophthong,high,back,rounded,short,oral
Mizo,Central,Mizoram,Chhangte,uː,vowel,,,,,,monophthong,high,back,rounded,long,oral
Mizo,Central,Mizoram,Chhangte,ɔ,vowel,,,,,,monophthong,low-mid,back,rounded,short,oral
Mizo,Central,Mizoram,Chhangte,ɔː,vowel,,,,,,monophthong,low-mid,back,rounded,long,oral
Mizo,Central,Mizoram,Chhangte,ɑ,vowel,,,,,,monophthong,low,back,unrounded,short,oral
Mizo,Central,Mizoram,Chhangte,iɑ,vowel,,,,,,diphthong,,,,short,
Mizo,Central,Mizoram,Chhangte,uɑ,vowel,,,,,,diphthong,,,,short,
Mizo,Central,Mizoram,Chhangte,ɛi,vowel,,,,,,diphthong,,,,short,
Mizo,Central,Mizoram,Chhangte,ɑi,vowel,,,,,,diphthong,,,,short,
Mizo,Central,Mizoram,Chhangte,ɔi,vowel,,,,,,diphthong,,,,short,
Mizo,Central,Mizoram,Chhangte,ui,vowel,,,,,,diphthong,,,,short,
Mizo,Central,Mizoram,Chhangte,ɛu,vowel,,,,,,diphthong,,,,short,
Mizo,Central,Mizoram,Chhangte,ɑu,vowel,,,,,,diphthong,,,,short,
Mizo,Central,Mizoram,Chhangte,ɔu,vowel,,,,,,diphthong,,,,short,
Mizo,Central,Mizoram,Chhangte,ɛːi,vowel,,,,,,diphthong,,,,long,
Mizo,Central,Mizoram,Chhangte,ɑːi,vowel,,,,,,diphthong,,,,long,
Mizo,Central,Mizoram,Chhangte,ɔːi,vowel,,,,,,diphthong,,,,long,
Mizo,Central,Mizoram,Chhangte,uːi,vowel,,,,,,diphthong,,,,long,
Mizo,Central,Mizoram,Chhangte,iːu,vowel,,,,,,diphthong,,,,long,
Mizo,Central,Mizoram,Chhangte,ɛːu,vowel,,,,,,diphthong,,,,long,
Mizo,Central,Mizoram,Chhangte,ɑːu,vowel,,,,,,diphthong,,,,long,
Mizo,Central,Mizoram,Chhangte,iɑi,vowel,,,,,,triphthong,,,,,
Mizo,Central,Mizoram,Chhangte,uɑi,vowel,,,,,,triphthong,,,,,
Mizo,Central,Mizoram,Chhangte,iɑu,vowel,,,,,,triphthong,,,,,
Mizo,Central,Mizoram,Chhangte,uɑu,vowel,,,,,,triphthong,,,,,
Mro Khimi,Southern,Wakun,Hornéy,p,consonant,,bilabial,plosive,voiceless,unaspirated,,,,,,
Mro Khimi,Southern,Wakun,Hornéy,pʰ,consonant,,bilabial,plosive,voiceless,aspirated,,,,,,
Mro Khimi,Southern,Wakun,Hornéy,b,consonant,,bilabial,plosive,voiced,unaspirated,,,,,,
Mro Khimi,Southern,Wakun,Hornéy,f,consonant,,labiodental,fricative,voiceless,unaspirated,,,,,,
Mro Khimi,Southern,Wakun,Hornéy,v,consonant,,labiodental,fricative,voiced,unaspirated,,,,,,
Mro Khimi,Southern,Wakun,Hornéy,m,consonant,,bilabial,nasal,voiced,unaspirated,,,,,,
Mro Khimi,Southern,Wakun,Hornéy,t,consonant,,alveolar,plosive,voiceless,unaspirated,,,,,,
Mro Khimi,Southern,Wakun,Hornéy,tʰ,consonant,,alveolar,plosive,voiceless,aspirated,,,,,,
Mro Khimi,Southern,Wakun,Hornéy,d,consonant,,alveolar,plosive,voiced,unaspirated,,,,,,
Mro Khimi,Southern,Wakun,Hornéy,s,consonant,,alveolar,fricative,voiceless,unaspirated,,,,,,
Mro Khimi,Southern,Wakun,Hornéy,sʰ,consonant,,alveolar,fricative,voiceless,aspirated,,,,,,
Mro Khimi,Southern,Wakun,Hornéy,n,consonant,,alveolar,nasal,voiced,unaspirated,,,,,,
Mro Khimi,Southern,Wakun,Hornéy,ɹ,consonant,,alveolar,approximant,voiced,unaspirated,,,,,,
Mro Khimi,Southern,Wakun,Hornéy,l,consonant,,alveolar,lateral approximant,voiced,unaspirated,,,,,,
Mro Khimi,Southern,Wakun,Hornéy,j,consonant,,palatal,approximant,voiced,unaspirated,,,,,,
Mro Khimi,Southern,Wakun,Hornéy,k,consonant,,velar,plosive,voiceless,unaspirated,,,,,,
Mro Khimi,Southern,Wakun,Hornéy,kʰ,consonant,,velar,plosive,voiceless,aspirated,,,,,,
Mro Khimi,Southern,Wakun,Hornéy,g,consonant,,velar,plosive,voiced,unaspirated,,,,,,
Mro Khimi,Southern,Wakun,Hornéy,χ,consonant,,uvular,fricative,voiceless,unaspirated,,,,,,
Mro Khimi,Southern,Wakun,Hornéy,ʔ,consonant,,glottal,plosive,voiceless,unaspirated,,,,,,
Mro Khimi,Southern,Wakun,Hornéy,h,consonant,,glottal,fricative,voiceless,unaspirated,,,,,,
Mro Khimi,Southern,Wakun,Hornéy,i,vowel,,,,,,monophthong,high,front,unrounded,short,oral
Mro Khimi,Southern,Wakun,Hornéy,y,vowel,,,,,,monophthong,high,front,rounded,short,oral
Mro Khimi,Southern,Wakun,Hornéy,ĩ,vowel,,,,,,monophthong,high,front,unrounded,short,nasalized
Mro Khimi,Southern,Wakun,Hornéy,ỹ,vowel,,,,,,monophthong,high,front,rounded,short,nasalized
Mro Khimi,Southern,Wakun,Hornéy,ɪ,vowel,,,,,,monophthong,near-high,near-front,unrounded,short,oral
Mro Khimi,Southern,Wakun,Hornéy,ʏ,vowel,,,,,,monophthong,near-high,near-front,rounded,short,oral
Mro Khimi,Southern,Wakun,Hornéy,e,vowel,,,,,,monophthong,high-mid,front,unrounded,short,oral
Mro Khimi,Southern,Wakun,Hornéy,ø,vowel,,,,,,monophthong,high-mid,front,rounded,short,oral
Mro Khimi,Southern,Wakun,Hornéy,ẽ,vowel,,,,,,monophthong,high-mid,front,unrounded,short,nasalized
Mro Khimi,Southern,Wakun,Hornéy,ø̃,vowel,,,,,,monophthong,high-mid,front,rounded,short,nasalized
Mro Khimi,Southern,Wakun,Hornéy,ɛ,vowel,,,,,,monophthong,low-mid,front,unrounded,short,oral
Mro Khimi,Southern,Wakun,Hornéy,ɛ̃,vowel,,,,,,monophthong,low-mid,front,unrounded,short,nasalized
Mro Khimi,Southern,Wakun,Hornéy,a,vowel,,,,,,monophthong,low,central,unrounded,short,oral
Mro Khimi,Southern,Wakun,Hornéy,ã,vowel,,,,,,monophthong,low,central,unrounded,short,nasalized
Mro Khimi,Southern,Wakun,Hornéy,ɯ,vowel,,,,,,monophthong,high,back,unrounded,short,oral
Mro Khimi,Southern,Wakun,Hornéy,u,vowel,,,,,,monophthong,high,back,rounded,short,oral
Mro Khimi,Southern,Wakun,Hornéy,ɯ̃,vowel,,,,,,monophthong,high,back,unrounded,short,nasalized
Mro Khimi,Southern,Wakun,Hornéy,ũ,vowel,,,,,,monophthong,high,back,rounded,short,nasalized
Mro Khimi,Southern,Wakun,Hornéy,ɤ,vowel,,,,,,monophthong,high-mid,back,unrounded,short,oral
Mro Khimi,Southern,Wakun,Hornéy,ɤ̃,vowel,,,,,,monophthong,high-mid,back,unrounded,short,nasalized
Mro Khimi,Southern,Wakun,Hornéy,o,vowel,,,,,,monophthong,high-mid,back,rounded,short,oral
Mro Khimi,Southern,Wakun,Hornéy,õ,vowel,,,,,,monophthong,high-mid,back,rounded,short,nasalized
Mro Khimi,Southern,Wakun,Hornéy,ɑ,vowel,,,,,,monophthong,low,back,unrounded,short,oral
Mro Khimi,Southern,Wakun,Hornéy,ɒ,vowel,,,,,,monophthong,low,back,rounded,short,oral
Mro Khimi,Southern,Wakun,Hornéy,ɑ̃,vowel,,,,,,monophthong,low,back,unrounded,short,nasalized
Mro Khimi,Southern,Wakun,Hornéy,ɒ̃,vowel,,,,,,monophthong,low,back,rounded,short,nasalized
Mro Khimi,Southern,Xautau,Hornéy,p,consonant,,bilabial,plosive,voiceless,unaspirated,,,,,,
Mro Khimi,Southern,Xautau,Hornéy,pʰ,consonant,,bilabial,plosive,voiceless,aspirated,,,,,,
Mro Khimi,Southern,Xautau,Hornéy,b,consonant,,bilabial,plosive,voiced,unaspirated,,,,,,
Mro Khimi,Southern,Xautau,Hornéy,f,consonant,,labiodental,fricative,voiceless,unaspirated,,,,,,
Mro Khimi,Southern,Xautau,Hornéy,v,consonant,,labiodental,fricative,voiced,unaspirated,,,,,,
Mro Khimi,Southern,Xautau,Hornéy,m,consonant,,bilabial,nasal,voiced,unaspirated,,,,,,
Mro Khimi,Southern,Xautau,Hornéy,t,consonant,,alveolar,plosive,voiceless,unaspirated,,,,,,
Mro Khimi,Southern,Xautau,Hornéy,tʰ,consonant,,alveolar,plosive,voiceless,aspirated,,,,,,
Mro Khimi,Southern,Xautau,Hornéy,d,consonant,,alveolar,plosive,voiced,unaspirated,,,,,,
Mro Khimi,Southern,Xautau,Hornéy,s,consonant,,alveolar,fricative,voiceless,unaspirated,,,,,,
Mro Khimi,Southern,Xautau,Hornéy,sʰ,consonant,,alveolar,fricative,voiceless,aspirated,,,,,,
Mro Khimi,Southern,Xautau,Hornéy,n,consonant,,alveolar,nasal,voiced,unaspirated,,,,,,
Mro Khimi,Southern,Xautau,Hornéy,ɹ,consonant,,alveolar,approximant,voiced,unaspirated,,,,,,
Mro Khimi,Southern,Xautau,Hornéy,l,consonant,,alveolar,lateral approximant,voiced,unaspirated,,,,,,
Mro Khimi,Southern,Xautau,Hornéy,j,consonant,,palatal,approximant,voiced,unaspirated,,,,,,
Mro Khimi,Southern,Xautau,Hornéy,k,consonant,,velar,plosive,voiceless,unaspirated,,,,,,
Mro Khimi,Southern,Xautau,Hornéy,kʰ,consonant,,velar,plosive,voiceless,aspirated,,,,,,
Mro Khimi,Southern,Xautau,Hornéy,g,consonant,,velar,plosive,voiced,unaspirated,,,,,,
Mro Khimi,Southern,Xautau,Hornéy,χ,consonant,,uvular,fricative,voiceless,unaspirated,,,,,,
Mro Khimi,Southern,Xautau,Hornéy,ʔ,consonant,,glottal,plosive,voiceless,unaspirated,,,,,,
Mro Khimi,Southern,Xautau,Hornéy,h,consonant,,glottal,fricative,voiceless,unaspirated,,,,,,
Mro Khimi,Southern,Xautau,Hornéy,i,vowel,,,,,,monophthong,high,front,unrounded,short,oral
Mro Khimi,Southern,Xautau,Hornéy,y,vowel,,,,,,monophthong,high,front,rounded,short,oral
Mro Khimi,Southern,Xautau,Hornéy,ĩ,vowel,,,,,,monophthong,high,front,unrounded,short,nasalized
Mro Khimi,Southern,Xautau,Hornéy,ỹ,vowel,,,,,,monophthong,high,front,rounded,short,nasalized
Mro Khimi,Southern,Xautau,Hornéy,ɪ,vowel,,,,,,monophthong,near-high,near-front,unrounded,short,oral
Mro Khimi,Southern,Xautau,Hornéy,ʏ,vowel,,,,,,monophthong,near-high,near-front,rounded,short,oral
Mro Khimi,Southern,Xautau,Hornéy,e,vowel,,,,,,monophthong,high-mid,front,unrounded,short,oral
Mro Khimi,Southern,Xautau,Hornéy,ø,vowel,,,,,,monophthong,high-mid,front,rounded,short,oral
Mro Khimi,Southern,Xautau,Hornéy,ẽ,vowel,,,,,,monophthong,high-mid,front,unrounded,short,nasalized
Mro Khimi,Southern,Xautau,Hornéy,ø̃,vowel,,,,,,monophthong,high-mid,front,rounded,short,nasalized
Mro Khimi,Southern,Xautau,Hornéy,ɛ,vowel,,,,,,monophthong,low-mid,front,unrounded,short,oral
Mro Khimi,Southern,Xautau,Hornéy,ɛ̃,vowel,,,,,,monophthong,low-mid,front,unrounded,short,nasalized
Mro Khimi,Southern,Xautau,Hornéy,a,vowel,,,,,,monophthong,low,central,unrounded,short,oral
Mro Khimi,Southern,Xautau,Hornéy,ã,vowel,,,,,,monophthong,low,central,unrounded,short,nasalized
Mro Khimi,Southern,Xautau,Hornéy,ɯ,vowel,,,,,,monophthong,high,back,unrounded,short,oral
Mro Khimi,Southern,Xautau,Hornéy,u,vowel,,,,,,monophthong,high,back,rounded,short,oral
Mro Khimi,Southern,Xautau,Hornéy,ɯ̃,vowel,,,,,,monophthong,high,back,unrounded,short,nasalized
Mro Khimi,Southern,Xautau,Hornéy,ũ,vowel,,,,,,monophthong,high,back,rounded,short,nasalized
Mro Khimi,Southern,Xautau,Hornéy,ɤ,vowel,,,,,,monophthong,high-mid,back,unrounded,short,oral
Mro Khimi,Southern,Xautau,Hornéy,ɤ̃,vowel,,,,,,monophthong,high-mid,back,unrounded,short,nasalized
Mro Khimi,Southern,Xautau,Hornéy,o,vowel,,,,,,monophthong,high-mid,back,rounded,short,oral
Mro Khimi,Southern,Xautau,Hornéy,õ,vowel,,,,,,monophthong,high-mid,back,rounded,short,nasalized
Mro Khimi,Southern,Xautau,Hornéy,ɑ,vowel,,,,,,monophthong,low,back,unrounded,short,oral
Mro Khimi,Southern,Xautau,Hornéy,ɒ,vowel,,,,,,monophthong,low,back,rounded,short,oral
Mro Khimi,Southern,Xautau,Hornéy,ɑ̃,vowel,,,,,,monophthong,low,back,unrounded,short,nasalized
Mro Khimi,Southern,Xautau,Hornéy,ɒ̃,vowel,,,,,,monophthong,low,back,rounded,short,nasalized
Mro Khimi,Southern,Xautau,Hornéy,ai,vowel,,,,,,diphthong,,,,short,
Mro Khimi,Southern,Xautau,Hornéy,au,vowel,,,,,,diphthong,,,,short,
Zophei,Maraic,Nuitah,Lotven,p,consonant,,bilabial,plosive,voiceless,unaspirated,,,,,,
Zophei,Maraic,Nuitah,Lotven,pʰ,consonant,,bilabial,plosive,voiceless,aspirated,,,,,,
Zophei,Maraic,Nuitah,Lotven,b,consonant,,bilabial,plosive,voiced,unaspirated,,,,,,
Zophei,Maraic,Nuitah,Lotven,f,consonant,,labiodental,fricative,voiceless,unaspirated,,,,,,
Zophei,Maraic,Nuitah,Lotven,v,consonant,,labiodental,fricative,voiced,unaspirated,,,,,,
Zophei,Maraic,Nuitah,Lotven,m̥,consonant,,bilabial,nasal,voiceless,unaspirated,,,,,,
Zophei,Maraic,Nuitah,Lotven,m,consonant,,bilabial,nasal,voiced,unaspirated,,,,,,
Zophei,Maraic,Nuitah,Lotven,t,consonant,,alveolar,plosive,voiceless,unaspirated,,,,,,
Zophei,Maraic,Nuitah,Lotven,tʰ,consonant,,alveolar,plosive,voiceless,aspirated,,,,,,
Zophei,Maraic,Nuitah,Lotven,d,consonant,,alveolar,plosive,voiced,unaspirated,,,,,,
Zophei,Maraic,Nuitah,Lotven,s,consonant,,alveolar,fricative,voiceless,unaspirated,,,,,,
Zophei,Maraic,Nuitah,Lotven,z,consonant,,alveolar,fricative,voiced,unaspirated,,,,,,
Zophei,Maraic,Nuitah,Lotven,ts,consonant,,alveolar,affricate,voiceless,unaspirated,,,,,,
Zophei,Maraic,Nuitah,Lotven,tsʰ,consonant,,alveolar,affricate,voiceless,aspirated,,,,,,
Zophei,Maraic,Nuitah,Lotven,tɬ,consonant,,alveolar,lateral affricate,voiceless,unaspirated,,,,,,
Zophei,Maraic,Nuitah,Lotven,tl,consonant,,alveolar,lateral affricate,voiceless,unaspirated,,,,,,
Zophei,Maraic,Nuitah,Lotven,n̥,consonant,,alveolar,nasal,voiceless,unaspirated,,,,,,
Zophei,Maraic,Nuitah,Lotven,n,consonant,,alveolar,nasal,voiced,unaspirated,,,,,,
Zophei,Maraic,Nuitah,Lotven,l̥,consonant,,alveolar,lateral approximant,voiceless,unaspirated,,,,,,
Zophei,Maraic,Nuitah,Lotven,l,consonant,,alveolar,lateral approximant,voiced,unaspirated,,,,,,
Zophei,Maraic,Nuitah,Lotven,ɹ̥,consonant,,alveolar,approximant,voiceless,unaspirated,,,,,,
Zophei,Maraic,Nuitah,Lotven,ɹ,consonant,,alveolar,approximant,voiced,unaspirated,,,,,,
Zophei,Maraic,Nuitah,Lotven,k,consonant,,velar,plosive,voiceless,unaspirated,,,,,,
Zophei,Maraic,Nuitah,Lotven,kʰ,consonant,,velar,plosive,voiceless,aspirated,,,,,,
Zophei,Maraic,Nuitah,Lotven,ŋ,consonant,,velar,nasal,voiced,unaspirated,,,,,,
Zophei,Maraic,Nuitah,Lotven,ʔ,consonant,,glottal,plosive,voiceless,unaspirated,,,,,,
Zophei,Maraic,Nuitah,Lotven,h,consonant,,glottal,fricative,voiceless,unaspirated,,,,,,
Zophei,Maraic,Nuitah,Lotven,i,vowel,,,,,,monophthong,high,front,unrounded,short,oral
Zophei,Maraic,Nuitah,Lotven,iː,vowel,,,,,,monophthong,high,front,unrounded,long,oral
Zophei,Maraic,Nuitah,Lotven,e,vowel,,,,,,monophthong,high-mid,front,unrounded,short,oral
Zophei,Maraic,Nuitah,Lotven,eː,vowel,,,,,,monophthong,high-mid,front,unrounded,long,oral
Zophei,Maraic,Nuitah,Lotven,ɨː,vowel,,,,,,monophthong,high,central,unrounded,long,oral
Zophei,Maraic,Nuitah,Lotven,ʉː,vowel,,,,,,monophthong,high,central,rounded,long,oral
Zophei,Maraic,Nuitah,Lotven,a,vowel,,,,,,monophthong,low,central,unrounded,short,oral
Zophei,Maraic,Nuitah,Lotven,a:,vowel,,,,,,monophthong,low,central,unrounded,long,oral
Zophei,Maraic,Nuitah,Lotven,u,vowel,,,,,,monophthong,high,back,rounded,short,oral
Zophei,Maraic,Nuitah,Lotven,uː,vowel,,,,,,monophthong,high,back,rounded,long,oral
Zophei,Maraic,Nuitah,Lotven,o:,vowel,,,,,,monophthong,high-mid,back,rounded,long,oral
Zophei,Maraic,Nuitah,Lotven,ui,vowel,,,,,,diphthong,,,,short,
Zophei,Maraic,Nuitah,Lotven,ai,vowel,,,,,,diphthong,,,,short,
Zophei,Maraic,Nuitah,Lotven,oi,vowel,,,,,,diphthong,,,,short,
Zophei,Maraic,Nuitah,Lotven,ia,vowel,,,,,,diphthong,,,,short,
Zophei,Maraic,Nuitah,Lotven,ua,vowel,,,,,,diphthong,,,,short,
Paite,Northern,"Lamjang, Tuithapi village",Singh,p,consonant,,bilabial,plosive,voiceless,unaspirated,,,,,,
Paite,Northern,"Lamjang, Tuithapi village",Singh,pʰ,consonant,,bilabial,plosive,voiceless,aspirated,,,,,,
Paite,Northern,"Lamjang, Tuithapi village",Singh,b,consonant,,bilabial,plosive,voiced,unaspirated,,,,,,
Paite,Northern,"Lamjang, Tuithapi village",Singh,v,consonant,,labiodental,fricative,voiced,unaspirated,,,,,,
Paite,Northern,"Lamjang, Tuithapi village",Singh,m,consonant,,bilabial,nasal,voiced,unaspirated,,,,,,
Paite,Northern,"Lamjang, Tuithapi village",Singh,t,consonant,,alveolar,plosive,voiceless,unaspirated,,,,,,
Paite,Northern,"Lamjang, Tuithapi village",Singh,tʰ,consonant,,alveolar,plosive,voiceless,aspirated,,,,,,
Paite,Northern,"Lamjang, Tuithapi village",Singh,d,consonant,,alveolar,plosive,voiced,unaspirated,,,,,,
Paite,Northern,"Lamjang, Tuithapi village",Singh,s,consonant,,alveolar,fricative,voiceless,unaspirated,,,,,,
Paite,Northern,"Lamjang, Tuithapi village",Singh,n,consonant,,alveolar,nasal,voiced,unaspirated,,,,,,
Paite,Northern,"Lamjang, Tuithapi village",Singh,l,consonant,,alveolar,lateral approximant,voiced,unaspirated,,,,,,
Paite,Northern,"Lamjang, Tuithapi village",Singh,c,consonant,,palatal,plosive,voiceless,unaspirated,,,,,,
Paite,Northern,"Lamjang, Tuithapi village",Singh,ɟ,consonant,,palatal,plosive,voiced,unaspirated,,,,,,
Paite,Northern,"Lamjang, Tuithapi village",Singh,k,consonant,,velar,plosive,voiceless,unaspirated,,,,,,
Paite,Northern,"Lamjang, Tuithapi village",Singh,g,consonant,,velar,plosive,voiced,unaspirated,,,,,,
Paite,Northern,"Lamjang, Tuithapi village",Singh,x,consonant,,velar,fricative,voiceless,unaspirated,,,,,,
Paite,Northern,"Lamjang, Tuithapi village",Singh,ŋ,consonant,,velar,nasal,voiced,unaspirated,,,,,,
Paite,Northern,"Lamjang, Tuithapi village",Singh,ʔ,consonant,,glottal,plosive,voiceless,unaspirated,,,,,,
Paite,Northern,"Lamjang, Tuithapi village",Singh,h,consonant,,glottal,fricative,voiceless,unaspirated,,,,,,
Paite,Northern,"Lamjang, Tuithapi village",Singh,i,vowel,,,,,,monophthong,high,front,unrounded,short,oral
Paite,Northern,"Lamjang, Tuithapi village",Singh,iː,vowel,,,,,,monophthong,high,front,unrounded,long,oral
Paite,Northern,"Lamjang, Tuithapi village",Singh,e,vowel,,,,,,monophthong,high-mid,front,unrounded,short,oral
Paite,Northern,"Lamjang, Tuithapi village",Singh,eː,vowel,,,,,,monophthong,high-mid,front,unrounded,long,oral
Paite,Northern,"Lamjang, Tuithapi village",Singh,u,vowel,,,,,,monophthong,high,back,rounded,short,oral
Paite,Northern,"Lamjang, Tuithapi village",Singh,uː,vowel,,,,,,monophthong,high,back,rounded,long,oral
Paite,Northern,"Lamjang, Tuithapi village",Singh,ə,vowel,,,,,,monophthong,mid,central,unrounded,short,oral
Paite,Northern,"Lamjang, Tuithapi village",Singh,əː,vowel,,,,,,monophthong,mid,central,unrounded,long,oral
Paite,Northern,"Lamjang, Tuithapi village",Singh,o,vowel,,,,,,monophthong,high-mid,back,rounded,short,oral
Paite,Northern,"Lamjang, Tuithapi village",Singh,oː,vowel,,,,,,monophthong,high-mid,back,rounded,long,oral
Paite,Northern,"Lamjang, Tuithapi village",Singh,a,vowel,,,,,,monophthong,low,central,unrounded,short,oral
Paite,Northern,"Lamjang, Tuithapi village",Singh,aː,vowel,,,,,,monophthong,low,central,unrounded,long,oral
Paite,Northern,"Lamjang, Tuithapi village",Singh,əi,vowel,,,,,,diphthong,,,,short,
Paite,Northern,"Lamjang, Tuithapi village",Singh,ai,vowel,,,,,,diphthong,,,,short,
Paite,Northern,"Lamjang, Tuithapi village",Singh,ei,vowel,,,,,,diphthong,,,,short,
Paite,Northern,"Lamjang, Tuithapi village",Singh,ui,vowel,,,,,,diphthong,,,,short,
Paite,Northern,"Lamjang, Tuithapi village",Singh,ia,vowel,,,,,,diphthong,,,,short,
Paite,Northern,"Lamjang, Tuithapi village",Singh,ua,vowel,,,,,,diphthong,,,,short,
Paite,Northern,"Lamjang, Tuithapi village",Singh,əu,vowel,,,,,,diphthong,,,,short,
Paite,Northern,"Lamjang, Tuithapi village",Singh,au,vowel,,,,,,diphthong,,,,short,
Paite,Northern,"Lamjang, Tuithapi village",Singh,iu,vowel,,,,,,diphthong,,,,short,
Paite,Northern,"Lamjang, Tuithapi village",Singh,eu,vowel,,,,,,diphthong,,,,short,
Pangkhua,Central,Pangkhua Para,Akter,p,consonant,,bilabial,plosive,voiceless,unaspirated,,,,,,
Pangkhua,Central,Pangkhua Para,Akter,pʰ,consonant,,bilabial,plosive,voiceless,aspirated,,,,,,
Pangkhua,Central,Pangkhua Para,Akter,b,consonant,,bilabial,plosive,voiced,unaspirated,,,,,,
Pangkhua,Central,Pangkhua Para,Akter,t̪,consonant,,dental,plosive,voiceless,unaspirated,,,,,,
Pangkhua,Central,Pangkhua Para,Akter,t̪ʰ,consonant,,dental,plosive,voiceless,aspirated,,,,,,
Pangkhua,Central,Pangkhua Para,Akter,d̪,consonant,,dental,plosive,voiced,unaspirated,,,,,,
Pangkhua,Central,Pangkhua Para,Akter,f,consonant,,labiodental,fricative,voiceless,unaspirated,,,,,,
Pangkhua,Central,Pangkhua Para,Akter,v,consonant,,labiodental,fricative,voiced,unaspirated,,,,,,
Pangkhua,Central,Pangkhua Para,Akter,m,consonant,,bilabial,nasal,voiced,unaspirated,,,,,,
Pangkhua,Central,Pangkhua Para,Akter,w,consonant,,bilabial,approximant,voiced,unaspirated,,,,,,
Pangkhua,Central,Pangkhua Para,Akter,s,consonant,,alveolar,fricative,voiceless,unaspirated,,,,,,
Pangkhua,Central,Pangkhua Para,Akter,z,consonant,,alveolar,fricative,voiced,unaspirated,,,,,,
Pangkhua,Central,Pangkhua Para,Akter,ts,consonant,,alveolar,affricate,voiceless,unaspirated,,,,,,
Pangkhua,Central,Pangkhua Para,Akter,n,consonant,,alveolar,nasal,voiced,unaspirated,,,,,,
Pangkhua,Central,Pangkhua Para,Akter,r,consonant,,alveolar,trill,voiced,unaspirated,,,,,,
Pangkhua,Central,Pangkhua Para,Akter,l,consonant,,alveolar,lateral approximant,voiced,unaspirated,,,,,,
Pangkhua,Central,Pangkhua Para,Akter,j,consonant,,palatal,approximant,voiced,unaspirated,,,,,,
Pangkhua,Central,Pangkhua Para,Akter,k,consonant,,velar,plosive,voiceless,unaspirated,,,,,,
Pangkhua,Central,Pangkhua Para,Akter,kʰ,consonant,,velar,plosive,voiceless,aspirated,,,,,,
Pangkhua,Central,Pangkhua Para,Akter,ŋ,consonant,,velar,nasal,voiced,unaspirated,,,,,,
Pangkhua,Central,Pangkhua Para,Akter,ʔ,consonant,,glottal,plosive,voiceless,unaspirated,,,,,,
Pangkhua,Central,Pangkhua Para,Akter,h,consonant,,glottal,fricative,voiceless,unaspirated,,,,,,
Pangkhua,Central,Pangkhua Para,Akter,i,vowel,,,,,,monophthong,high,front,unrounded,short,oral
Pangkhua,Central,Pangkhua Para,Akter,e,vowel,,,,,,monophthong,high-mid,front,unrounded,short,oral
Pangkhua,Central,Pangkhua Para,Akter,ɑ,vowel,,,,,,monophthong,low,back,unrounded,short,oral
Pangkhua,Central,Pangkhua Para,Akter,ə,vowel,,,,,,monophthong,mid,central,unrounded,short,oral
Pangkhua,Central,Pangkhua Para,Akter,u,vowel,,,,,,monophthong,high,back,rounded,short,oral
Pangkhua,Central,Pangkhua Para,Akter,ɞ,vowel,,,,,,monophthong,low-mid,central,rounded,short,oral
Pangkhua,Central,Pangkhua Para,Akter,ɒ,vowel,,,,,,monophthong,low,back,rounded,short,oral
Pangkhua,Central,Pangkhua Para,Akter,ɑi,vowel,,,,,,diphthong,,,,short,
Pangkhua,Central,Pangkhua Para,Akter,ou,vowel,,,,,,diphthong,,,,short,
Pangkhua,Central,Pangkhua Para,Akter,uai,vowel,,,,,,triphthong,,,,,
Pangkhua,Central,Pangkhua Para,Akter,ua,vowel,,,,,,diphthong,,,,short,
Pangkhua,Central,Pangkhua Para,Akter,əu,vowel,,,,,,diphthong,,,,short,
Pangkhua,Central,Pangkhua Para,Akter,ia,vowel,,,,,,diphthong,,,,short,
Pangkhua,Central,Pangkhua Para,Akter,iau,vowel,,,,,,triphthong,,,,,
Pangkhua,Central,Pangkhua Para,Akter,əi,vowel,,,,,,diphthong,,,,short,
Pangkhua,Central,Pangkhua Para,Akter,ɒi,vowel,,,,,,diphthong,,,,short,
Pangkhua,Central,Pangkhua Para,Akter,əu,vowel,,,,,,diphthong,,,,short,
Pangkhua,Central,Pangkhua Para,Akter,ei,vowel,,,,,,diphthong,,,,short,
Senthang,Maraic,?,Watson,p,consonant,,bilabial,plosive,voiceless,unaspirated,,,,,,
Senthang,Maraic,?,Watson,pʰ,consonant,,bilabial,plosive,voiceless,aspirated,,,,,,
Senthang,Maraic,?,Watson,b,consonant,,bilabial,plosive,voiced,unaspirated,,,,,,
Senthang,Maraic,?,Watson,f,consonant,,labiodental,fricative,voiceless,unaspirated,,,,,,
Senthang,Maraic,?,Watson,v,consonant,,labiodental,fricative,voiced,unaspirated,,,,,,
Senthang,Maraic,?,Watson,m̥,consonant,,bilabial,nasal,voiceless,unaspirated,,,,,,
Senthang,Maraic,?,Watson,m,consonant,,bilabial,nasal,voiced,unaspirated,,,,,,
Senthang,Maraic,?,Watson,t̪,consonant,,dental,plosive,voiceless,unaspirated,,,,,,
Senthang,Maraic,?,Watson,t̪ʰ,consonant,,dental,plosive,voiceless,aspirated,,,,,,
Senthang,Maraic,?,Watson,d̪,consonant,,dental,plosive,voiced,unaspirated,,,,,,
Senthang,Maraic,?,Watson,n̪̊,consonant,,dental,nasal,voiceless,unaspirated,,,,,,
Senthang,Maraic,?,Watson,n̪,consonant,,dental,nasal,voiced,unaspirated,,,,,,
Senthang,Maraic,?,Watson,s,consonant,,alveolar,fricative,voiceless,unaspirated,,,,,,
Senthang,Maraic,?,Watson,z,consonant,,alveolar,fricative,voiced,unaspirated,,,,,,
Senthang,Maraic,?,Watson,ts,consonant,,alveolar,affricate,voiceless,unaspirated,,,,,,
Senthang,Maraic,?,Watson,l̥,consonant,,alveolar,lateral approximant,voiceless,unaspirated,,,,,,
Senthang,Maraic,?,Watson,l,consonant,,alveolar,lateral approximant,voiced,unaspirated,,,,,,
Senthang,Maraic,?,Watson,k,consonant,,velar,plosive,voiceless,unaspirated,,,,,,
Senthang,Maraic,?,Watson,kʰ,consonant,,velar,plosive,voiceless,aspirated,,,,,,
Senthang,Maraic,?,Watson,x,consonant,,velar,fricative,voiceless,unaspirated,,,,,,
Senthang,Maraic,?,Watson,ɣ,consonant,,velar,fricative,voiced,unaspirated,,,,,,
Senthang,Maraic,?,Watson,ŋ,consonant,,velar,nasal,voiced,unaspirated,,,,,,
Senthang,Maraic,?,Watson,ʔ,consonant,,glottal,plosive,voiceless,unaspirated,,,,,,
Senthang,Maraic,?,Watson,h,consonant,,glottal,fricative,voiceless,unaspirated,,,,,,
Senthang,Maraic,?,Watson,i,vowel,,,,,,monophthong,high,front,unrounded,short,oral
Senthang,Maraic,?,Watson,e,vowel,,,,,,monophthong,high-mid,front,unrounded,short,oral
Senthang,Maraic,?,Watson,ɛ,vowel,,,,,,monophthong,low-mid,front,unrounded,short,oral
Senthang,Maraic,?,Watson,ə,vowel,,,,,,monophthong,mid,central,unrounded,short,oral
Senthang,Maraic,?,Watson,a,vowel,,,,,,monophthong,low,central,unrounded,short,oral
Senthang,Maraic,?,Watson,u,vowel,,,,,,monophthong,high,back,rounded,short,oral
Senthang,Maraic,?,Watson,ɤ,vowel,,,,,,monophthong,high-mid,back,unrounded,short,oral
Senthang,Maraic,?,Watson,o,vowel,,,,,,monophthong,high-mid,back,rounded,short,oral
Senthang,Maraic,?,Watson,ɔ,vowel,,,,,,monophthong,low-mid,back,rounded,short,oral
Sizang,Northern,?,Sarangthem,p,consonant,,bilabial,plosive,voiceless,unaspirated,,,,,,
Sizang,Northern,?,Sarangthem,pʰ,consonant,,bilabial,plosive,voiceless,aspirated,,,,,,
Sizang,Northern,?,Sarangthem,b,consonant,,bilabial,plosive,voiced,unaspirated,,,,,,
Sizang,Northern,?,Sarangthem,v,consonant,,labiodental,fricative,voiced,unaspirated,,,,,,
Sizang,Northern,?,Sarangthem,m,consonant,,bilabial,nasal,voiced,unaspirated,,,,,,
Sizang,Northern,?,Sarangthem,t,consonant,,alveolar,plosive,voiceless,unaspirated,,,,,,
Sizang,Northern,?,Sarangthem,tʰ,consonant,,alveolar,plosive,voiceless,aspirated,,,,,,
Sizang,Northern,?,Sarangthem,d,consonant,,alveolar,plosive,voiced,unaspirated,,,,,,
Sizang,Northern,?,Sarangthem,s,consonant,,alveolar,fricative,voiceless,unaspirated,,,,,,
Sizang,Northern,?,Sarangthem,z,consonant,,alveolar,fricative,voiced,unaspirated,,,,,,
Sizang,Northern,?,Sarangthem,n,consonant,,alveolar,nasal,voiced,unaspirated,,,,,,
Sizang,Northern,?,Sarangthem,l,consonant,,alveolar,lateral approximant,voiced,unaspirated,,,,,,
Sizang,Northern,?,Sarangthem,k,consonant,,velar,plosive,voiceless,unaspirated,,,,,,
Sizang,Northern,?,Sarangthem,kʰ,consonant,,velar,plosive,voiceless,aspirated,,,,,,
Sizang,Northern,?,Sarangthem,ŋ,consonant,,velar,nasal,voiced,unaspirated,,,,,,
Sizang,Northern,?,Sarangthem,h,consonant,,glottal,fricative,voiceless,unaspirated,,,,,,
Sizang,Northern,Buan Man,Stern,p,consonant,,bilabial,plosive,voiceless,unaspirated,,,,,,
Sizang,Northern,Buan Man,Stern,pʰ,consonant,,bilabial,plosive,voiceless,aspirated,,,,,,
Sizang,Northern,Buan Man,Stern,b,consonant,,bilabial,plosive,voiced,unaspirated,,,,,,
Sizang,Northern,Buan Man,Stern,v,consonant,,labiodental,fricative,voiced,unaspirated,,,,,,
Sizang,Northern,Buan Man,Stern,m,consonant,,bilabial,nasal,voiced,unaspirated,,,,,,
Sizang,Northern,Buan Man,Stern,t,consonant,,alveolar,plosive,voiceless,unaspirated,,,,,,
Sizang,Northern,Buan Man,Stern,tʰ,consonant,,alveolar,plosive,voiceless,aspirated,,,,,,
Sizang,Northern,Buan Man,Stern,d,consonant,,alveolar,plosive,voiced,unaspirated,,,,,,
Sizang,Northern,Buan Man,Stern,s,consonant,,alveolar,fricative,voiceless,unaspirated,,,,,,
Sizang,Northern,Buan Man,Stern,z,consonant,,alveolar,fricative,voiced,unaspirated,,,,,,
Sizang,Northern,Buan Man,Stern,n,consonant,,alveolar,nasal,voiced,unaspirated,,,,,,
Sizang,Northern,Buan Man,Stern,l,consonant,,alveolar,lateral approximant,voiced,unaspirated,,,,,,
Sizang,Northern,Buan Man,Stern,k,consonant,,velar,plosive,voiceless,unaspirated,,,,,,
Sizang,Northern,Buan Man,Stern,kʰ,consonant,,velar,plosive,voiceless,aspirated,,,,,,
Sizang,Northern,Buan Man,Stern,ŋ,consonant,,velar,nasal,voiced,unaspirated,,,,,,
Sizang,Northern,Buan Man,Stern,h,consonant,,glottal,fricative,voiceless,unaspirated,,,,,,
Sizang,Northern,?,Sarangthem,i,vowel,,,,,,monophthong,high,front,unrounded,short,oral
Sizang,Northern,?,Sarangthem,e,vowel,,,,,,monophthong,high-mid,front,unrounded,short,oral
Sizang,Northern,?,Sarangthem,ə,vowel,,,,,,monophthong,mid,central,unrounded,short,oral
Sizang,Northern,?,Sarangthem,a,vowel,,,,,,monophthong,low,central,unrounded,short,oral
Sizang,Northern,?,Sarangthem,u,vowel,,,,,,monophthong,high,back,rounded,short,oral
Sizang,Northern,?,Sarangthem,o,vowel,,,,,,monophthong,high-mid,back,rounded,short,oral
Sizang,Northern,?,Sarangthem,əi,vowel,,,,,,diphthong,,,,short,
Sizang,Northern,?,Sarangthem,ei,vowel,,,,,,diphthong,,,,short,
Sizang,Northern,?,Sarangthem,ai,vowel,,,,,,diphthong,,,,short,
Sizang,Northern,?,Sarangthem,oi,vowel,,,,,,diphthong,,,,short,
Sizang,Northern,?,Sarangthem,ui,vowel,,,,,,diphthong,,,,short,
Sizang,Northern,?,Sarangthem,əu,vowel,,,,,,diphthong,,,,short,
Sizang,Northern,?,Sarangthem,au,vowel,,,,,,diphthong,,,,short,
Sizang,Northern,?,Sarangthem,ia,vowel,,,,,,diphthong,,,,short,
Sizang,Northern,?,Sarangthem,ua,vowel,,,,,,diphthong,,,,short,
Sizang,Northern,Buan Man,Stern,i,vowel,,,,,,monophthong,high,front,unrounded,short,oral
Sizang,Northern,Buan Man,Stern,e,vowel,,,,,,monophthong,high-mid,front,unrounded,short,oral
Sizang,Northern,Buan Man,Stern,a,vowel,,,,,,monophthong,low,central,unrounded,short,oral
Sizang,Northern,Buan Man,Stern,u,vowel,,,,,,monophthong,high,back,rounded,short,oral
Sizang,Northern,Buan Man,Stern,o,vowel,,,,,,monophthong,high-mid,back,rounded,short,oral
Sizang,Northern,Buan Man,Stern,ei,vowel,,,,,,diphthong,,,,short,
Sizang,Northern,Buan Man,Stern,ai,vowel,,,,,,diphthong,,,,short,
Sizang,Northern,Buan Man,Stern,oi,vowel,,,,,,diphthong,,,,short,
Sizang,Northern,Buan Man,Stern,ui,vowel,,,,,,diphthong,,,,short,
Sizang,Northern,Buan Man,Stern,au,vowel,,,,,,diphthong,,,,short,
Sizang,Northern,Buan Man,Stern,ia,vowel,,,,,,diphthong,,,,short,
Sizang,Northern,Buan Man,Stern,ua,vowel,,,,,,diphthong,,,,short,
Sizang,Northern,Buan Man,Stern,ie,vowel,,,,,,diphthong,,,,short,
Sizang,Northern,Buan Man,Stern,eu,vowel,,,,,,diphthong,,,,short,
Sizang,Northern,Buan Man,Stern,ɔi,vowel,,,,,,diphthong,,,,short,
Sizang,Northern,Buan Man,Stern,uei,vowel,,,,,,triphthong,,,,,
Sizang,Northern,Buan Man,Stern,oai,vowel,,,,,,triphthong,,,,,
Sizang,Northern,Buan Man,Stern,ɔai,vowel,,,,,,triphthong,,,,,
Tedim,Northern,?,Otsuka2014,p,consonant,,bilabial,plosive,voiceless,unaspirated,,,,,,
Tedim,Northern,?,Otsuka2014,pʰ,consonant,,bilabial,plosive,voiceless,aspirated,,,,,,
Tedim,Northern,?,Otsuka2014,b,consonant,,bilabial,plosive,voiced,unaspirated,,,,,,
Tedim,Northern,?,Otsuka2014,f,consonant,Ideophones only,labiodental,fricative,voiceless,unaspirated,,,,,,
Tedim,Northern,?,Otsuka2014,v,consonant,,labiodental,fricative,voiced,unaspirated,,,,,,
Tedim,Northern,?,Otsuka2014,m,consonant,,bilabial,nasal,voiced,unaspirated,,,,,,
Tedim,Northern,?,Otsuka2014,t,consonant,,alveolar,plosive,voiceless,unaspirated,,,,,,
Tedim,Northern,?,Otsuka2014,tʰ,consonant,,alveolar,plosive,voiceless,aspirated,,,,,,
Tedim,Northern,?,Otsuka2014,d,consonant,,alveolar,plosive,voiced,unaspirated,,,,,,
Tedim,Northern,?,Otsuka2014,s,consonant,,alveolar,fricative,voiceless,unaspirated,,,,,,
Tedim,Northern,?,Otsuka2014,z,consonant,,alveolar,fricative,voiced,unaspirated,,,,,,
Tedim,Northern,?,Otsuka2014,tɕ,consonant,,alveolo-palatal,affricate,voiceless,unaspirated,,,,,,
Tedim,Northern,?,Otsuka2014,tɕʰ,consonant,Ideophones only,alveolo-palatal,affricate,voiceless,aspirated,,,,,,
Tedim,Northern,?,Otsuka2014,n,consonant,,alveolar,nasal,voiced,unaspirated,,,,,,
Tedim,Northern,?,Otsuka2014,l,consonant,,alveolar,lateral approximant,voiced,unaspirated,,,,,,
Tedim,Northern,?,Otsuka2014,lˀ,consonant,,alveolar,lateral approximant,voiced,unaspirated,,,,,,
Tedim,Northern,?,Otsuka2014,k,consonant,,velar,plosive,voiceless,unaspirated,,,,,,
Tedim,Northern,?,Otsuka2014,g,consonant,,velar,plosive,voiced,unaspirated,,,,,,
Tedim,Northern,?,Otsuka2014,x,consonant,,velar,fricative,voiceless,unaspirated,,,,,,
Tedim,Northern,?,Otsuka2014,ŋ,consonant,,velar,nasal,voiced,unaspirated,,,,,,
Tedim,Northern,?,Otsuka2014,ʔ,consonant,,glottal,plosive,voiceless,unaspirated,,,,,,
Tedim,Northern,?,Otsuka2014,h,consonant,,glottal,fricative,voiceless,unaspirated,,,,,,
Tedim,Northern,?,Otsuka2014,i,vowel,,,,,,monophthong,high,front,unrounded,short,oral
Tedim,Northern,?,Otsuka2014,iː,vowel,,,,,,monophthong,high,front,unrounded,long,oral
Tedim,Northern,?,Otsuka2014,e,vowel,,,,,,monophthong,high-mid,front,unrounded,short,oral
Tedim,Northern,?,Otsuka2014,ɛː,vowel,,,,,,monophthong,low-mid,front,unrounded,long,oral
Tedim,Northern,?,Otsuka2014,a,vowel,,,,,,monophthong,low,central,unrounded,short,oral
Tedim,Northern,?,Otsuka2014,aː,vowel,,,,,,monophthong,low,central,unrounded,long,oral
Tedim,Northern,?,Otsuka2014,u,vowel,,,,,,monophthong,high,back,rounded,short,oral
Tedim,Northern,?,Otsuka2014,uː,vowel,,,,,,monophthong,high,back,rounded,long,oral
Tedim,Northern,?,Otsuka2014,o,vowel,,,,,,monophthong,high-mid,back,rounded,short,oral
Tedim,Northern,?,Otsuka2014,ɔː,vowel,,,,,,monophthong,low-mid,back,rounded,long,oral
Tedim,Northern,?,Otsuka2014,iu,vowel,,,,,,diphthong,,,,short,
Tedim,Northern,?,Otsuka2014,ia,vowel,,,,,,diphthong,,,,short,
Tedim,Northern,?,Otsuka2014,ei,vowel,,,,,,diphthong,,,,short,
Tedim,Northern,?,Otsuka2014,ɛːi,vowel,,,,,,diphthong,,,,long,
Tedim,Northern,?,Otsuka2014,eu,vowel,,,,,,diphthong,,,,short,
Tedim,Northern,?,Otsuka2014,ɛ:u,vowel,,,,,,diphthong,,,,long,
Tedim,Northern,?,Otsuka2014,ɑi,vowel,,,,,,diphthong,,,,short,
Tedim,Northern,?,Otsuka2014,ɑu,vowel,,,,,,diphthong,,,,short,
Tedim,Northern,?,Otsuka2014,ɑːu,vowel,,,,,,diphthong,,,,long,
Tedim,Northern,?,Otsuka2014,ou,vowel,,,,,,diphthong,,,,short,
Tedim,Northern,?,Otsuka2014,oi,vowel,,,,,,diphthong,,,,short,
Tedim,Northern,?,Otsuka2014,ɔːi,vowel,,,,,,diphthong,,,,long,
Tedim,Northern,?,Otsuka2014,ui,vowel,,,,,,diphthong,,,,short,
Tedim,Northern,?,Otsuka2014,uːi,vowel,,,,,,diphthong,,,,long,
Tedim,Northern,?,Otsuka2014,ua,vowel,,,,,,diphthong,,,,short,
Tedim,Northern,?,Otsuka2014,iɑi,vowel,,,,,,triphthong,,,,,
Tedim,Northern,?,Otsuka2014,iɑu,vowel,,,,,,triphthong,,,,,
Tedim,Northern,?,Otsuka2014,uɑi,vowel,,,,,,triphthong,,,,,
Tedim,Northern,?,Otsuka2014,uɑu,vowel,,,,,,triphthong,,,,,
Tedim,Northern,?,Otsuka2014,iei,vowel,,,,,,triphthong,,,,,
Tedim,Northern,?,Otsuka2014,uou,vowel,,,,,,triphthong,,,,,
Thado,Northern,?,Haokip,p,consonant,,bilabial,plosive,voiceless,unaspirated,,,,,,
Thado,Northern,?,Haokip,pʰ,consonant,,bilabial,plosive,voiceless,aspirated,,,,,,
Thado,Northern,?,Haokip,b,consonant,,bilabial,plosive,voiced,unaspirated,,,,,,
Thado,Northern,?,Haokip,v,consonant,,labiodental,fricative,voiced,unaspirated,,,,,,
Thado,Northern,?,Haokip,m,consonant,,bilabial,nasal,voiced,unaspirated,,,,,,
Thado,Northern,?,Haokip,t,consonant,,alveolar,plosive,voiceless,unaspirated,,,,,,
Thado,Northern,?,Haokip,tʰ,consonant,,alveolar,plosive,voiceless,aspirated,,,,,,
Thado,Northern,?,Haokip,d,consonant,,alveolar,plosive,voiced,unaspirated,,,,,,
Thado,Northern,?,Haokip,s,consonant,,alveolar,fricative,voiceless,unaspirated,,,,,,
Thado,Northern,?,Haokip,z,consonant,,alveolar,fricative,voiced,unaspirated,,,,,,
Thado,Northern,?,Haokip,tʃ,consonant,,postalveolar,affricate,voiceless,unaspirated,,,,,,
Thado,Northern,?,Haokip,n,consonant,,alveolar,nasal,voiced,unaspirated,,,,,,
Thado,Northern,?,Haokip,r,consonant,,alveolar,trill,voiced,unaspirated,,,,,,
Thado,Northern,?,Haokip,l̥,consonant,,alveolar,lateral approximant,voiceless,unaspirated,,,,,,
Thado,Northern,?,Haokip,l,consonant,,alveolar,lateral approximant,voiced,unaspirated,,,,,,
Thado,Northern,?,Haokip,k,consonant,,velar,plosive,voiceless,unaspirated,,,,,,
Thado,Northern,?,Haokip,g,consonant,,velar,plosive,voiced,unaspirated,,,,,,
Thado,Northern,?,Haokip,x,consonant,,velar,fricative,voiceless,unaspirated,,,,,,
Thado,Northern,?,Haokip,ŋ,consonant,,velar,nasal,voiced,unaspirated,,,,,,
Thado,Northern,?,Haokip,ʔ,consonant,,glottal,plosive,voiceless,unaspirated,,,,,,
Thado,Northern,?,Haokip,h,consonant,,glottal,fricative,voiceless,unaspirated,,,,,,
Thado,Northern,?,Haokip,i,vowel,,,,,,monophthong,high,front,unrounded,short,oral
Thado,Northern,?,Haokip,ɛ,vowel,,,,,,monophthong,low-mid,front,unrounded,short,oral
Thado,Northern,?,Haokip,ə,vowel,,,,,,monophthong,mid,central,unrounded,short,oral
Thado,Northern,?,Haokip,a,vowel,,,,,,monophthong,low,central,unrounded,short,oral
Thado,Northern,?,Haokip,u,vowel,,,,,,monophthong,high,back,rounded,short,oral
Thado,Northern,?,Haokip,o,vowel,,,,,,monophthong,high-mid,back,rounded,short,oral
Thado,Northern,?,Haokip,ɔ,vowel,,,,,,monophthong,low-mid,back,rounded,short,oral
Thado,Northern,?,Haokip,ai,vowel,,,,,,diphthong,,,,short,
Thado,Northern,?,Haokip,ui,vowel,,,,,,diphthong,,,,short,
Thado,Northern,?,Haokip,ei,vowel,,,,,,diphthong,,,,short,
Thado,Northern,?,Haokip,ie,vowel,,,,,,diphthong,,,,short,
Thado,Northern,?,Haokip,əu,vowel,,,,,,diphthong,,,,short,
Thado,Northern,?,Haokip,au,vowel,,,,,,diphthong,,,,short,
Thado,Northern,?,Haokip,eu,vowel,,,,,,diphthong,,,,short,
Thado,Northern,?,Haokip,iu,vowel,,,,,,diphthong,,,,short,
Thado,Northern,?,Haokip,ɔi,vowel,,,,,,diphthong,,,,short,
Thado,Northern,?,Haokip,oi,vowel,,,,,,diphthong,,,,short,
Thado,Northern,?,Haokip,ou,vowel,,,,,,diphthong,,,,short,
Thado,Northern,?,Haokip,ɔu,vowel,,,,,,diphthong,,,,short,
Zophei,Maraic,Tlawngrang,Lotven,p,consonant,,bilabial,plosive,voiceless,unaspirated,,,,,,
Zophei,Maraic,Tlawngrang,Lotven,pʰ,consonant,,bilabial,plosive,voiceless,aspirated,,,,,,
Zophei,Maraic,Tlawngrang,Lotven,b,consonant,,bilabial,plosive,voiced,unaspirated,,,,,,
Zophei,Maraic,Tlawngrang,Lotven,f,consonant,,labiodental,fricative,voiceless,unaspirated,,,,,,
Zophei,Maraic,Tlawngrang,Lotven,v,consonant,,labiodental,fricative,voiced,unaspirated,,,,,,
Zophei,Maraic,Tlawngrang,Lotven,m̥,consonant,,bilabial,nasal,voiceless,unaspirated,,,,,,
Zophei,Maraic,Tlawngrang,Lotven,m,consonant,,bilabial,nasal,voiced,unaspirated,,,,,,
Zophei,Maraic,Tlawngrang,Lotven,t,consonant,,alveolar,plosive,voiceless,unaspirated,,,,,,
Zophei,Maraic,Tlawngrang,Lotven,tʰ,consonant,,alveolar,plosive,voiceless,aspirated,,,,,,
Zophei,Maraic,Tlawngrang,Lotven,d,consonant,,alveolar,plosive,voiced,unaspirated,,,,,,
Zophei,Maraic,Tlawngrang,Lotven,s,consonant,,alveolar,fricative,voiceless,unaspirated,,,,,,
Zophei,Maraic,Tlawngrang,Lotven,z,consonant,,alveolar,fricative,voiced,unaspirated,,,,,,
Zophei,Maraic,Tlawngrang,Lotven,ts,consonant,,alveolar,affricate,voiceless,unaspirated,,,,,,
Zophei,Maraic,Tlawngrang,Lotven,tsʰ,consonant,,alveolar,affricate,voiceless,aspirated,,,,,,
Zophei,Maraic,Tlawngrang,Lotven,tɬ,consonant,,alveolar,lateral affricate,voiceless,unaspirated,,,,,,
Zophei,Maraic,Tlawngrang,Lotven,tl,consonant,,alveolar,lateral affricate,voiceless,unaspirated,,,,,,
Zophei,Maraic,Tlawngrang,Lotven,n̥,consonant,,alveolar,nasal,voiceless,unaspirated,,,,,,
Zophei,Maraic,Tlawngrang,Lotven,n,consonant,,alveolar,nasal,voiced,unaspirated,,,,,,
Zophei,Maraic,Tlawngrang,Lotven,l̥,consonant,,alveolar,lateral approximant,voiceless,unaspirated,,,,,,
Zophei,Maraic,Tlawngrang,Lotven,l,consonant,,alveolar,lateral approximant,voiced,unaspirated,,,,,,
Zophei,Maraic,Tlawngrang,Lotven,ɹ̥,consonant,,alveolar,approximant,voiceless,unaspirated,,,,,,
Zophei,Maraic,Tlawngrang,Lotven,ɹ,consonant,,alveolar,approximant,voiced,unaspirated,,,,,,
Zophei,Maraic,Tlawngrang,Lotven,k,consonant,,velar,plosive,voiceless,unaspirated,,,,,,
Zophei,Maraic,Tlawngrang,Lotven,kʰ,consonant,,velar,plosive,voiceless,aspirated,,,,,,
Zophei,Maraic,Tlawngrang,Lotven,ŋ,consonant,,velar,nasal,voiced,unaspirated,,,,,,
Zophei,Maraic,Tlawngrang,Lotven,ʔ,consonant,,glottal,plosive,voiceless,unaspirated,,,,,,
Zophei,Maraic,Tlawngrang,Lotven,h,consonant,,glottal,fricative,voiceless,unaspirated,,,,,,
Zophei,Maraic,Tlawngrang,Lotven,i,vowel,,,,,,monophthong,high,front,unrounded,short,oral
Zophei,Maraic,Tlawngrang,Lotven,iː,vowel,,,,,,monophthong,high,front,unrounded,long,oral
Zophei,Maraic,Tlawngrang,Lotven,e,vowel,,,,,,monophthong,high-mid,front,unrounded,short,oral
Zophei,Maraic,Tlawngrang,Lotven,eː,vowel,,,,,,monophthong,high-mid,front,unrounded,long,oral
Zophei,Maraic,Tlawngrang,Lotven,øː,vowel,,,,,,monophthong,high-mid,front,rounded,long,oral
Zophei,Maraic,Tlawngrang,Lotven,a,vowel,,,,,,monophthong,low,central,unrounded,short,oral
Zophei,Maraic,Tlawngrang,Lotven,aː,vowel,,,,,,monophthong,low,central,unrounded,long,oral
Zophei,Maraic,Tlawngrang,Lotven,u,vowel,,,,,,monophthong,high,back,rounded,short,oral
Zophei,Maraic,Tlawngrang,Lotven,uː,vowel,,,,,,monophthong,high,back,rounded,long,oral
Zophei,Maraic,Tlawngrang,Lotven,o,vowel,,,,,,monophthong,high-mid,back,rounded,short,oral
Zophei,Maraic,Tlawngrang,Lotven,oː,vowel,,,,,,monophthong,high-mid,back,rounded,long,oral
Zophei,Maraic,Tlawngrang,Lotven,ui,vowel,,,,,,diphthong,,,,short,
Zophei,Maraic,Tlawngrang,Lotven,ei,vowel,,,,,,diphthong,,,,short,
Zophei,Maraic,Tlawngrang,Lotven,ai,vowel,,,,,,diphthong,,,,short,
Zophei,Maraic,Tlawngrang,Lotven,au,vowel,,,,,,diphthong,,,,short,
Zophei,Maraic,Tlawngrang,Lotven,ue,vowel,,,,,,diphthong,,,,short,
Zophei,Maraic,Tlawngrang,Lotven,ia,vowel,,,,,,diphthong,,,,short,
Zophei,Maraic,Tlawngrang,Lotven,ua,vowel,,,,,,diphthong,,,,short,
Zahau,Central,?,Osburne,p,consonant,,bilabial,plosive,voiceless,unaspirated,,,,,,
Zahau,Central,?,Osburne,pʰ,consonant,,bilabial,plosive,voiceless,aspirated,,,,,,
Zahau,Central,?,Osburne,b,consonant,,bilabial,plosive,voiced,unaspirated,,,,,,
Zahau,Central,?,Osburne,f,consonant,,labiodental,fricative,voiceless,unaspirated,,,,,,
Zahau,Central,?,Osburne,v,consonant,,labiodental,fricative,voiced,unaspirated,,,,,,
Zahau,Central,?,Osburne,m̥,consonant,,bilabial,nasal,voiceless,unaspirated,,,,,,
Zahau,Central,?,Osburne,m,consonant,,bilabial,nasal,voiced,unaspirated,,,,,,
Zahau,Central,?,Osburne,w,consonant,,bilabial,approximant,voiced,unaspirated,,,,,,
Zahau,Central,?,Osburne,t,consonant,,alveolar,plosive,voiceless,unaspirated,,,,,,
Zahau,Central,?,Osburne,tʰ,consonant,,alveolar,plosive,voiceless,aspirated,,,,,,
Zahau,Central,?,Osburne,d,consonant,,alveolar,plosive,voiced,unaspirated,,,,,,
Zahau,Central,?,Osburne,s,consonant,,alveolar,fricative,voiceless,unaspirated,,,,,,
Zahau,Central,?,Osburne,z,consonant,,alveolar,fricative,voiced,unaspirated,,,,,,
Zahau,Central,?,Osburne,tʃ,consonant,,postalveolar,affricate,voiceless,unaspirated,,,,,,
Zahau,Central,?,Osburne,tl,consonant,,alveolar,lateral affricate,voiceless,unaspirated,,,,,,
Zahau,Central,?,Osburne,tlʰ,consonant,,alveolar,lateral affricate,voiceless,aspirated,,,,,,
Zahau,Central,?,Osburne,l̥,consonant,,alveolar,lateral approximant,voiceless,unaspirated,,,,,,
Zahau,Central,?,Osburne,l,consonant,,alveolar,lateral approximant,voiced,unaspirated,,,,,,
Zahau,Central,?,Osburne,n̥,consonant,,alveolar,nasal,voiceless,unaspirated,,,,,,
Zahau,Central,?,Osburne,n,consonant,,alveolar,nasal,voiced,unaspirated,,,,,,
Zahau,Central,?,Osburne,r̥,consonant,,alveolar,trill,voiceless,unaspirated,,,,,,
Zahau,Central,?,Osburne,r,consonant,,alveolar,trill,voiced,unaspirated,,,,,,
Zahau,Central,?,Osburne,j,consonant,,palatal,approximant,voiced,unaspirated,,,,,,
Zahau,Central,?,Osburne,k,consonant,,velar,plosive,voiceless,unaspirated,,,,,,
Zahau,Central,?,Osburne,kʰ,consonant,,velar,plosive,voiceless,aspirated,,,,,,
Zahau,Central,?,Osburne,ŋ̊,consonant,,velar,nasal,voiceless,unaspirated,,,,,,
Zahau,Central,?,Osburne,ŋ,consonant,,velar,nasal,voiced,unaspirated,,,,,,
Zahau,Central,?,Osburne,ʔ,consonant,,glottal,plosive,voiceless,unaspirated,,,,,,
Zahau,Central,?,Osburne,i,vowel,,,,,,monophthong,high,front,unrounded,short,oral
Zahau,Central,?,Osburne,e,vowel,,,,,,monophthong,high-mid,front,unrounded,short,oral
Zahau,Central,?,Osburne,u,vowel,,,,,,monophthong,high,back,rounded,short,oral
Zahau,Central,?,Osburne,o,vowel,,,,,,monophthong,high-mid,back,rounded,short,oral
Zahau,Central,?,Osburne,a,vowel,,,,,,monophthong,low,central,unrounded,short,oral
Zo,Northern,Tonzang,Button,p,consonant,,bilabial,plosive,voiceless,unaspirated,,,,,,
Zo,Northern,Tonzang,Button,pʰ,consonant,,bilabial,plosive,voiceless,aspirated,,,,,,
Zo,Northern,Tonzang,Button,b,consonant,,bilabial,plosive,voiced,unaspirated,,,,,,
Zo,Northern,Tonzang,Button,v,consonant,,labiodental,fricative,voiced,unaspirated,,,,,,
Zo,Northern,Tonzang,Button,m,consonant,,bilabial,nasal,voiced,unaspirated,,,,,,
Zo,Northern,Tonzang,Button,w,consonant,,bilabial,approximant,voiced,unaspirated,,,,,,
Zo,Northern,Tonzang,Button,t,consonant,,alveolar,plosive,voiceless,unaspirated,,,,,,
Zo,Northern,Tonzang,Button,tʰ,consonant,,alveolar,plosive,voiceless,aspirated,,,,,,
Zo,Northern,Tonzang,Button,d,consonant,,alveolar,plosive,voiced,unaspirated,,,,,,
Zo,Northern,Tonzang,Button,s,consonant,,alveolar,fricative,voiceless,unaspirated,,,,,,
Zo,Northern,Tonzang,Button,z,consonant,,alveolar,fricative,voiced,unaspirated,,,,,,
Zo,Northern,Tonzang,Button,n,consonant,,alveolar,nasal,voiced,unaspirated,,,,,,
Zo,Northern,Tonzang,Button,l̥,consonant,,alveolar,lateral approximant,voiceless,unaspirated,,,,,,
Zo,Northern,Tonzang,Button,l,consonant,,alveolar,lateral approximant,voiced,unaspirated,,,,,,
Zo,Northern,Tonzang,Button,j,consonant,,palatal,approximant,voiced,unaspirated,,,,,,
Zo,Northern,Tonzang,Button,k,consonant,,velar,plosive,voiceless,unaspirated,,,,,,
Zo,Northern,Tonzang,Button,g,consonant,,velar,plosive,voiced,unaspirated,,,,,,
Zo,Northern,Tonzang,Button,x,consonant,,velar,fricative,voiceless,unaspirated,,,,,,
Zo,Northern,Tonzang,Button,ŋ,consonant,,velar,nasal,voiced,unaspirated,,,,,,
Zo,Northern,Tonzang,Button,ʔ,consonant,,glottal,plosive,voiceless,unaspirated,,,,,,
Zo,Northern,Tonzang,Button,h,consonant,,glottal,fricative,voiceless,unaspirated,,,,,,
Zo,Northern,Tonzang,Button,i,vowel,,,,,,monophthong,high,front,unrounded,short,oral
Zo,Northern,Tonzang,Button,e,vowel,,,,,,monophthong,high-mid,front,unrounded,short,oral
Zo,Northern,Tonzang,Button,a,vowel,,,,,,monophthong,low,central,unrounded,short,oral
Zo,Northern,Tonzang,Button,u,vowel,,,,,,monophthong,high,back,rounded,short,oral
Zo,Northern,Tonzang,Button,o,vowel,,,,,,monophthong,high-mid,back,rounded,short,oral
Zo,Northern,Tonzang,Button,ei,vowel,,,,,,diphthong,,,,short,
Zo,Northern,Tonzang,Button,ai,vowel,,,,,,diphthong,,,,short,
Zo,Northern,Tonzang,Button,ui,vowel,,,,,,diphthong,,,,short,
Zo,Northern,Tonzang,Button,oi,vowel,,,,,,diphthong,,,,short,
Zo,Northern,Tonzang,Button,eu,vowel,,,,,,diphthong,,,,short,
Zo,Northern,Tonzang,Button,au,vowel,,,,,,diphthong,,,,short,
Zo,Northern,Tonzang,Button,ou,vowel,,,,,,diphthong,,,,short,
Zotung,Maraic,?,Shintani2015,p,consonant,,bilabial,plosive,voiceless,unaspirated,,,,,,
Zotung,Maraic,?,Shintani2015,pʰ,consonant,,bilabial,plosive,voiceless,aspirated,,,,,,
Zotung,Maraic,?,Shintani2015,ɓ,consonant,,bilabial,implosive,voiced,unaspirated,,,,,,
Zotung,Maraic,?,Shintani2015,f,consonant,,labiodental,fricative,voiceless,unaspirated,,,,,,
Zotung,Maraic,?,Shintani2015,θ,consonant,,interdental,fricative,voiceless,unaspirated,,,,,,
Zotung,Maraic,?,Shintani2015,v,consonant,,labiodental,fricative,voiced,unaspirated,,,,,,
Zotung,Maraic,?,Shintani2015,m,consonant,,bilabial,nasal,voiced,unaspirated,,,,,,
Zotung,Maraic,?,Shintani2015,w,consonant,,bilabial,approximant,voiced,unaspirated,,,,,,
Zotung,Maraic,?,Shintani2015,t,consonant,,alveolar,plosive,voiceless,unaspirated,,,,,,
Zotung,Maraic,?,Shintani2015,tʰ,consonant,,alveolar,plosive,voiceless,aspirated,,,,,,
Zotung,Maraic,?,Shintani2015,ɗ,consonant,,alveolar,implosive,voiced,unaspirated,,,,,,
Zotung,Maraic,?,Shintani2015,s,consonant,,alveolar,fricative,voiceless,unaspirated,,,,,,
Zotung,Maraic,?,Shintani2015,n,consonant,,alveolar,nasal,voiced,unaspirated,,,,,,
Zotung,Maraic,?,Shintani2015,r,consonant,,alveolar,trill,voiced,unaspirated,,,,,,
Zotung,Maraic,?,Shintani2015,l,consonant,,alveolar,lateral approximant,voiced,unaspirated,,,,,,
Zotung,Maraic,?,Shintani2015,c,consonant,,palatal,plosive,voiceless,unaspirated,,,,,,
Zotung,Maraic,?,Shintani2015,cʰ,consonant,,palatal,plosive,voiceless,aspirated,,,,,,
Zotung,Maraic,?,Shintani2015,ɕ,consonant,,alveolo-palatal,fricative,voiceless,unaspirated,,,,,,
Zotung,Maraic,?,Shintani2015,ɲ,consonant,,palatal,nasal,voiced,unaspirated,,,,,,
Zotung,Maraic,?,Shintani2015,j,consonant,,palatal,approximant,voiced,unaspirated,,,,,,
Zotung,Maraic,?,Shintani2015,k,consonant,,velar,plosive,voiceless,unaspirated,,,,,,
Zotung,Maraic,?,Shintani2015,kʰ,consonant,,velar,plosive,voiceless,aspirated,,,,,,
Zotung,Maraic,?,Shintani2015,ŋ,consonant,,velar,nasal,voiced,unaspirated,,,,,,
Zotung,Maraic,?,Shintani2015,ʔ,consonant,,glottal,plosive,voiceless,unaspirated,,,,,,
Zotung,Maraic,?,Shintani2015,h,consonant,,glottal,fricative,voiceless,unaspirated,,,,,,
Zotung,Maraic,?,Shintani2015,i,vowel,,,,,,monophthong,high,front,unrounded,short,oral
Zotung,Maraic,?,Shintani2015,e,vowel,,,,,,monophthong,high-mid,front,unrounded,short,oral
Zotung,Maraic,?,Shintani2015,æ,vowel,,,,,,monophthong,near-low,front,unrounded,short,oral
Zotung,Maraic,?,Shintani2015,ə,vowel,,,,,,monophthong,mid,central,unrounded,short,oral
Zotung,Maraic,?,Shintani2015,a,vowel,,,,,,monophthong,low,central,unrounded,short,oral
Zotung,Maraic,?,Shintani2015,ɯ,vowel,,,,,,monophthong,high,back,unrounded,short,oral
Zotung,Maraic,?,Shintani2015,u,vowel,,,,,,monophthong,high,back,rounded,short,oral
Zotung,Maraic,?,Shintani2015,o,vowel,,,,,,monophthong,high-mid,back,rounded,short,oral
